source_name	display_name	source_material	display_systems	segments	triangles	source
arcade_cell_ant	arcade cell ant	arcade_cells	digestive	1	15680	https://github.com/openworm/wormbrowser/blob/937839d19f505d0dff9aebb1e3bc69f7855942a8/org.openworm.wormbrowser/war/models/Virtual_Worm/Virtual_Worm_February_2012.js
arcade_cell_post	arcade cell post	arcade_cells	digestive	1	13824	https://github.com/openworm/wormbrowser/blob/937839d19f505d0dff9aebb1e3bc69f7855942a8/org.openworm.wormbrowser/war/models/Virtual_Worm/Virtual_Worm_February_2012.js
mu_bod_vl22	mu bod vl22	body_wall_muscle	muscular	1	11552	https://github.com/openworm/wormbrowser/blob/937839d19f505d0dff9aebb1e3bc69f7855942a8/org.openworm.wormbrowser/war/models/Virtual_Worm/Virtual_Worm_February_2012.js
mu_bod_vl20	mu bod vl20	body_wall_muscle	muscular	1	11648	https://github.com/openworm/wormbrowser/blob/937839d19f505d0dff9aebb1e3bc69f7855942a8/org.openworm.wormbrowser/war/models/Virtual_Worm/Virtual_Worm_February_2012.js
mu_bod_vl18	mu bod vl18	body_wall_muscle	muscular	1	9600	https://github.com/openworm/wormbrowser/blob/937839d19f505d0dff9aebb1e3bc69f7855942a8/org.openworm.wormbrowser/war/models/Virtual_Worm/Virtual_Worm_February_2012.js
mu_bod_vl16	mu bod vl16	body_wall_muscle	muscular	1	6192	https://github.com/openworm/wormbrowser/blob/937839d19f505d0dff9aebb1e3bc69f7855942a8/org.openworm.wormbrowser/war/models/Virtual_Worm/Virtual_Worm_February_2012.js
mu_bod_vl14	mu bod vl14	body_wall_muscle	muscular	1	8912	https://github.com/openworm/wormbrowser/blob/937839d19f505d0dff9aebb1e3bc69f7855942a8/org.openworm.wormbrowser/war/models/Virtual_Worm/Virtual_Worm_February_2012.js
mu_bod_vl12	mu bod vl12	body_wall_muscle	muscular	1	9040	https://github.com/openworm/wormbrowser/blob/937839d19f505d0dff9aebb1e3bc69f7855942a8/org.openworm.wormbrowser/war/models/Virtual_Worm/Virtual_Worm_February_2012.js
mu_bod_vl10	mu bod vl10	body_wall_muscle	muscular	1	7488	https://github.com/openworm/wormbrowser/blob/937839d19f505d0dff9aebb1e3bc69f7855942a8/org.openworm.wormbrowser/war/models/Virtual_Worm/Virtual_Worm_February_2012.js
mu_bod_vl8	mu bod vl8	body_wall_muscle	muscular	1	3872	https://github.com/openworm/wormbrowser/blob/937839d19f505d0dff9aebb1e3bc69f7855942a8/org.openworm.wormbrowser/war/models/Virtual_Worm/Virtual_Worm_February_2012.js
mu_bod_vl6	mu bod vl6	body_wall_muscle	muscular	1	2608	https://github.com/openworm/wormbrowser/blob/937839d19f505d0dff9aebb1e3bc69f7855942a8/org.openworm.wormbrowser/war/models/Virtual_Worm/Virtual_Worm_February_2012.js
mu_bod_vl4	mu bod vl4	body_wall_muscle	muscular	1	1792	https://github.com/openworm/wormbrowser/blob/937839d19f505d0dff9aebb1e3bc69f7855942a8/org.openworm.wormbrowser/war/models/Virtual_Worm/Virtual_Worm_February_2012.js
mu_bod_vl2	mu bod vl2	body_wall_muscle	muscular	1	3744	https://github.com/openworm/wormbrowser/blob/937839d19f505d0dff9aebb1e3bc69f7855942a8/org.openworm.wormbrowser/war/models/Virtual_Worm/Virtual_Worm_February_2012.js
mu_bod_vl21	mu bod vl21	body_wall_muscle	muscular	1	3616	https://github.com/openworm/wormbrowser/blob/937839d19f505d0dff9aebb1e3bc69f7855942a8/org.openworm.wormbrowser/war/models/Virtual_Worm/Virtual_Worm_February_2012.js
mu_bod_vl19	mu bod vl19	body_wall_muscle	muscular	1	2656	https://github.com/openworm/wormbrowser/blob/937839d19f505d0dff9aebb1e3bc69f7855942a8/org.openworm.wormbrowser/war/models/Virtual_Worm/Virtual_Worm_February_2012.js
mu_bod_vl17	mu bod vl17	body_wall_muscle	muscular	1	4576	https://github.com/openworm/wormbrowser/blob/937839d19f505d0dff9aebb1e3bc69f7855942a8/org.openworm.wormbrowser/war/models/Virtual_Worm/Virtual_Worm_February_2012.js
mu_bod_vl15	mu bod vl15	body_wall_muscle	muscular	1	4960	https://github.com/openworm/wormbrowser/blob/937839d19f505d0dff9aebb1e3bc69f7855942a8/org.openworm.wormbrowser/war/models/Virtual_Worm/Virtual_Worm_February_2012.js
mu_bod_vl13	mu bod vl13	body_wall_muscle	muscular	1	3680	https://github.com/openworm/wormbrowser/blob/937839d19f505d0dff9aebb1e3bc69f7855942a8/org.openworm.wormbrowser/war/models/Virtual_Worm/Virtual_Worm_February_2012.js
mu_bod_vl11	mu bod vl11	body_wall_muscle	muscular	1	4192	https://github.com/openworm/wormbrowser/blob/937839d19f505d0dff9aebb1e3bc69f7855942a8/org.openworm.wormbrowser/war/models/Virtual_Worm/Virtual_Worm_February_2012.js
mu_bod_vl9	mu bod vl9	body_wall_muscle	muscular	1	4144	https://github.com/openworm/wormbrowser/blob/937839d19f505d0dff9aebb1e3bc69f7855942a8/org.openworm.wormbrowser/war/models/Virtual_Worm/Virtual_Worm_February_2012.js
mu_bod_vl7	mu bod vl7	body_wall_muscle	muscular	1	2800	https://github.com/openworm/wormbrowser/blob/937839d19f505d0dff9aebb1e3bc69f7855942a8/org.openworm.wormbrowser/war/models/Virtual_Worm/Virtual_Worm_February_2012.js
mu_bod_vl5	mu bod vl5	body_wall_muscle	muscular	1	2800	https://github.com/openworm/wormbrowser/blob/937839d19f505d0dff9aebb1e3bc69f7855942a8/org.openworm.wormbrowser/war/models/Virtual_Worm/Virtual_Worm_February_2012.js
mu_bod_vl3	mu bod vl3	body_wall_muscle	muscular	2	2400	https://github.com/openworm/wormbrowser/blob/937839d19f505d0dff9aebb1e3bc69f7855942a8/org.openworm.wormbrowser/war/models/Virtual_Worm/Virtual_Worm_February_2012.js
mu_bod_vl1	mu bod vl1	body_wall_muscle	muscular	1	3264	https://github.com/openworm/wormbrowser/blob/937839d19f505d0dff9aebb1e3bc69f7855942a8/org.openworm.wormbrowser/war/models/Virtual_Worm/Virtual_Worm_February_2012.js
mu_bod_vr22	mu bod vr22	body_wall_muscle	muscular	1	11072	https://github.com/openworm/wormbrowser/blob/937839d19f505d0dff9aebb1e3bc69f7855942a8/org.openworm.wormbrowser/war/models/Virtual_Worm/Virtual_Worm_February_2012.js
mu_bod_vr20	mu bod vr20	body_wall_muscle	muscular	1	12160	https://github.com/openworm/wormbrowser/blob/937839d19f505d0dff9aebb1e3bc69f7855942a8/org.openworm.wormbrowser/war/models/Virtual_Worm/Virtual_Worm_February_2012.js
mu_bod_vr18	mu bod vr18	body_wall_muscle	muscular	1	9616	https://github.com/openworm/wormbrowser/blob/937839d19f505d0dff9aebb1e3bc69f7855942a8/org.openworm.wormbrowser/war/models/Virtual_Worm/Virtual_Worm_February_2012.js
mu_bod_vr16	mu bod vr16	body_wall_muscle	muscular	1	6224	https://github.com/openworm/wormbrowser/blob/937839d19f505d0dff9aebb1e3bc69f7855942a8/org.openworm.wormbrowser/war/models/Virtual_Worm/Virtual_Worm_February_2012.js
mu_bod_vr14	mu bod vr14	body_wall_muscle	muscular	1	8912	https://github.com/openworm/wormbrowser/blob/937839d19f505d0dff9aebb1e3bc69f7855942a8/org.openworm.wormbrowser/war/models/Virtual_Worm/Virtual_Worm_February_2012.js
mu_bod_vr12	mu bod vr12	body_wall_muscle	muscular	1	9328	https://github.com/openworm/wormbrowser/blob/937839d19f505d0dff9aebb1e3bc69f7855942a8/org.openworm.wormbrowser/war/models/Virtual_Worm/Virtual_Worm_February_2012.js
mu_bod_vr10	mu bod vr10	body_wall_muscle	muscular	1	7104	https://github.com/openworm/wormbrowser/blob/937839d19f505d0dff9aebb1e3bc69f7855942a8/org.openworm.wormbrowser/war/models/Virtual_Worm/Virtual_Worm_February_2012.js
mu_bod_vr8	mu bod vr8	body_wall_muscle	muscular	1	3872	https://github.com/openworm/wormbrowser/blob/937839d19f505d0dff9aebb1e3bc69f7855942a8/org.openworm.wormbrowser/war/models/Virtual_Worm/Virtual_Worm_February_2012.js
mu_bod_vr6	mu bod vr6	body_wall_muscle	muscular	1	2064	https://github.com/openworm/wormbrowser/blob/937839d19f505d0dff9aebb1e3bc69f7855942a8/org.openworm.wormbrowser/war/models/Virtual_Worm/Virtual_Worm_February_2012.js
mu_bod_vr4	mu bod vr4	body_wall_muscle	muscular	1	2000	https://github.com/openworm/wormbrowser/blob/937839d19f505d0dff9aebb1e3bc69f7855942a8/org.openworm.wormbrowser/war/models/Virtual_Worm/Virtual_Worm_February_2012.js
mu_bod_vr2	mu bod vr2	body_wall_muscle	muscular	1	4128	https://github.com/openworm/wormbrowser/blob/937839d19f505d0dff9aebb1e3bc69f7855942a8/org.openworm.wormbrowser/war/models/Virtual_Worm/Virtual_Worm_February_2012.js
mu_bod_vr21	mu bod vr21	body_wall_muscle	muscular	1	4176	https://github.com/openworm/wormbrowser/blob/937839d19f505d0dff9aebb1e3bc69f7855942a8/org.openworm.wormbrowser/war/models/Virtual_Worm/Virtual_Worm_February_2012.js
mu_bod_vr19	mu bod vr19	body_wall_muscle	muscular	1	2672	https://github.com/openworm/wormbrowser/blob/937839d19f505d0dff9aebb1e3bc69f7855942a8/org.openworm.wormbrowser/war/models/Virtual_Worm/Virtual_Worm_February_2012.js
mu_bod_vr17	mu bod vr17	body_wall_muscle	muscular	1	4160	https://github.com/openworm/wormbrowser/blob/937839d19f505d0dff9aebb1e3bc69f7855942a8/org.openworm.wormbrowser/war/models/Virtual_Worm/Virtual_Worm_February_2012.js
mu_bod_vr15	mu bod vr15	body_wall_muscle	muscular	1	4960	https://github.com/openworm/wormbrowser/blob/937839d19f505d0dff9aebb1e3bc69f7855942a8/org.openworm.wormbrowser/war/models/Virtual_Worm/Virtual_Worm_February_2012.js
mu_bod_vr13	mu bod vr13	body_wall_muscle	muscular	1	4208	https://github.com/openworm/wormbrowser/blob/937839d19f505d0dff9aebb1e3bc69f7855942a8/org.openworm.wormbrowser/war/models/Virtual_Worm/Virtual_Worm_February_2012.js
mu_bod_vr11	mu bod vr11	body_wall_muscle	muscular	1	3648	https://github.com/openworm/wormbrowser/blob/937839d19f505d0dff9aebb1e3bc69f7855942a8/org.openworm.wormbrowser/war/models/Virtual_Worm/Virtual_Worm_February_2012.js
mu_bod_vr9	mu bod vr9	body_wall_muscle	muscular	2	8752	https://github.com/openworm/wormbrowser/blob/937839d19f505d0dff9aebb1e3bc69f7855942a8/org.openworm.wormbrowser/war/models/Virtual_Worm/Virtual_Worm_February_2012.js
mu_bod_vr7	mu bod vr7	body_wall_muscle	muscular	1	2800	https://github.com/openworm/wormbrowser/blob/937839d19f505d0dff9aebb1e3bc69f7855942a8/org.openworm.wormbrowser/war/models/Virtual_Worm/Virtual_Worm_February_2012.js
mu_bod_vr5	mu bod vr5	body_wall_muscle	muscular	1	3232	https://github.com/openworm/wormbrowser/blob/937839d19f505d0dff9aebb1e3bc69f7855942a8/org.openworm.wormbrowser/war/models/Virtual_Worm/Virtual_Worm_February_2012.js
mu_bod_vr3	mu bod vr3	body_wall_muscle	muscular	1	1968	https://github.com/openworm/wormbrowser/blob/937839d19f505d0dff9aebb1e3bc69f7855942a8/org.openworm.wormbrowser/war/models/Virtual_Worm/Virtual_Worm_February_2012.js
mu_bod_vr1	mu bod vr1	body_wall_muscle	muscular	1	3264	https://github.com/openworm/wormbrowser/blob/937839d19f505d0dff9aebb1e3bc69f7855942a8/org.openworm.wormbrowser/war/models/Virtual_Worm/Virtual_Worm_February_2012.js
mu_bod_dr23	mu bod dr23	body_wall_muscle	muscular	1	6928	https://github.com/openworm/wormbrowser/blob/937839d19f505d0dff9aebb1e3bc69f7855942a8/org.openworm.wormbrowser/war/models/Virtual_Worm/Virtual_Worm_February_2012.js
mu_bod_dr22	mu bod dr22	body_wall_muscle	muscular	1	5920	https://github.com/openworm/wormbrowser/blob/937839d19f505d0dff9aebb1e3bc69f7855942a8/org.openworm.wormbrowser/war/models/Virtual_Worm/Virtual_Worm_February_2012.js
mu_bod_dr20	mu bod dr20	body_wall_muscle	muscular	1	8080	https://github.com/openworm/wormbrowser/blob/937839d19f505d0dff9aebb1e3bc69f7855942a8/org.openworm.wormbrowser/war/models/Virtual_Worm/Virtual_Worm_February_2012.js
mu_bod_dr18	mu bod dr18	body_wall_muscle	muscular	1	5328	https://github.com/openworm/wormbrowser/blob/937839d19f505d0dff9aebb1e3bc69f7855942a8/org.openworm.wormbrowser/war/models/Virtual_Worm/Virtual_Worm_February_2012.js
mu_bod_dr16	mu bod dr16	body_wall_muscle	muscular	1	4816	https://github.com/openworm/wormbrowser/blob/937839d19f505d0dff9aebb1e3bc69f7855942a8/org.openworm.wormbrowser/war/models/Virtual_Worm/Virtual_Worm_February_2012.js
mu_bod_dr14	mu bod dr14	body_wall_muscle	muscular	1	4816	https://github.com/openworm/wormbrowser/blob/937839d19f505d0dff9aebb1e3bc69f7855942a8/org.openworm.wormbrowser/war/models/Virtual_Worm/Virtual_Worm_February_2012.js
mu_bod_dr12	mu bod dr12	body_wall_muscle	muscular	1	5408	https://github.com/openworm/wormbrowser/blob/937839d19f505d0dff9aebb1e3bc69f7855942a8/org.openworm.wormbrowser/war/models/Virtual_Worm/Virtual_Worm_February_2012.js
mu_bod_dr10	mu bod dr10	body_wall_muscle	muscular	1	4208	https://github.com/openworm/wormbrowser/blob/937839d19f505d0dff9aebb1e3bc69f7855942a8/org.openworm.wormbrowser/war/models/Virtual_Worm/Virtual_Worm_February_2012.js
mu_bod_dr8	mu bod dr8	body_wall_muscle	muscular	1	4288	https://github.com/openworm/wormbrowser/blob/937839d19f505d0dff9aebb1e3bc69f7855942a8/org.openworm.wormbrowser/war/models/Virtual_Worm/Virtual_Worm_February_2012.js
mu_bod_dr6	mu bod dr6	body_wall_muscle	muscular	1	1952	https://github.com/openworm/wormbrowser/blob/937839d19f505d0dff9aebb1e3bc69f7855942a8/org.openworm.wormbrowser/war/models/Virtual_Worm/Virtual_Worm_February_2012.js
mu_bod_dr4	mu bod dr4	body_wall_muscle	muscular	1	2240	https://github.com/openworm/wormbrowser/blob/937839d19f505d0dff9aebb1e3bc69f7855942a8/org.openworm.wormbrowser/war/models/Virtual_Worm/Virtual_Worm_February_2012.js
mu_bod_dr2	mu bod dr2	body_wall_muscle	muscular	1	2784	https://github.com/openworm/wormbrowser/blob/937839d19f505d0dff9aebb1e3bc69f7855942a8/org.openworm.wormbrowser/war/models/Virtual_Worm/Virtual_Worm_February_2012.js
mu_bod_dr3	mu bod dr3	body_wall_muscle	muscular	1	2032	https://github.com/openworm/wormbrowser/blob/937839d19f505d0dff9aebb1e3bc69f7855942a8/org.openworm.wormbrowser/war/models/Virtual_Worm/Virtual_Worm_February_2012.js
mu_bod_dr5	mu bod dr5	body_wall_muscle	muscular	1	3280	https://github.com/openworm/wormbrowser/blob/937839d19f505d0dff9aebb1e3bc69f7855942a8/org.openworm.wormbrowser/war/models/Virtual_Worm/Virtual_Worm_February_2012.js
mu_bod_dr7	mu bod dr7	body_wall_muscle	muscular	1	2864	https://github.com/openworm/wormbrowser/blob/937839d19f505d0dff9aebb1e3bc69f7855942a8/org.openworm.wormbrowser/war/models/Virtual_Worm/Virtual_Worm_February_2012.js
mu_bod_dr9	mu bod dr9	body_wall_muscle	muscular	1	3664	https://github.com/openworm/wormbrowser/blob/937839d19f505d0dff9aebb1e3bc69f7855942a8/org.openworm.wormbrowser/war/models/Virtual_Worm/Virtual_Worm_February_2012.js
mu_bod_dr11	mu bod dr11	body_wall_muscle	muscular	1	3632	https://github.com/openworm/wormbrowser/blob/937839d19f505d0dff9aebb1e3bc69f7855942a8/org.openworm.wormbrowser/war/models/Virtual_Worm/Virtual_Worm_February_2012.js
mu_bod_dr21	mu bod dr21	body_wall_muscle	muscular	1	3648	https://github.com/openworm/wormbrowser/blob/937839d19f505d0dff9aebb1e3bc69f7855942a8/org.openworm.wormbrowser/war/models/Virtual_Worm/Virtual_Worm_February_2012.js
mu_bod_dr19	mu bod dr19	body_wall_muscle	muscular	1	2416	https://github.com/openworm/wormbrowser/blob/937839d19f505d0dff9aebb1e3bc69f7855942a8/org.openworm.wormbrowser/war/models/Virtual_Worm/Virtual_Worm_February_2012.js
mu_bod_dr17	mu bod dr17	body_wall_muscle	muscular	1	3728	https://github.com/openworm/wormbrowser/blob/937839d19f505d0dff9aebb1e3bc69f7855942a8/org.openworm.wormbrowser/war/models/Virtual_Worm/Virtual_Worm_February_2012.js
mu_bod_dr15	mu bod dr15	body_wall_muscle	muscular	1	4496	https://github.com/openworm/wormbrowser/blob/937839d19f505d0dff9aebb1e3bc69f7855942a8/org.openworm.wormbrowser/war/models/Virtual_Worm/Virtual_Worm_February_2012.js
mu_bod_dr13	mu bod dr13	body_wall_muscle	muscular	1	2848	https://github.com/openworm/wormbrowser/blob/937839d19f505d0dff9aebb1e3bc69f7855942a8/org.openworm.wormbrowser/war/models/Virtual_Worm/Virtual_Worm_February_2012.js
mu_bod_dl22	mu bod dl22	body_wall_muscle	muscular	2	5920	https://github.com/openworm/wormbrowser/blob/937839d19f505d0dff9aebb1e3bc69f7855942a8/org.openworm.wormbrowser/war/models/Virtual_Worm/Virtual_Worm_February_2012.js
mu_bod_dl20	mu bod dl20	body_wall_muscle	muscular	1	6528	https://github.com/openworm/wormbrowser/blob/937839d19f505d0dff9aebb1e3bc69f7855942a8/org.openworm.wormbrowser/war/models/Virtual_Worm/Virtual_Worm_February_2012.js
mu_bod_dl18	mu bod dl18	body_wall_muscle	muscular	1	5360	https://github.com/openworm/wormbrowser/blob/937839d19f505d0dff9aebb1e3bc69f7855942a8/org.openworm.wormbrowser/war/models/Virtual_Worm/Virtual_Worm_February_2012.js
mu_bod_dl16	mu bod dl16	body_wall_muscle	muscular	1	4816	https://github.com/openworm/wormbrowser/blob/937839d19f505d0dff9aebb1e3bc69f7855942a8/org.openworm.wormbrowser/war/models/Virtual_Worm/Virtual_Worm_February_2012.js
mu_bod_dl14	mu bod dl14	body_wall_muscle	muscular	1	4816	https://github.com/openworm/wormbrowser/blob/937839d19f505d0dff9aebb1e3bc69f7855942a8/org.openworm.wormbrowser/war/models/Virtual_Worm/Virtual_Worm_February_2012.js
mu_bod_dl12	mu bod dl12	body_wall_muscle	muscular	1	5312	https://github.com/openworm/wormbrowser/blob/937839d19f505d0dff9aebb1e3bc69f7855942a8/org.openworm.wormbrowser/war/models/Virtual_Worm/Virtual_Worm_February_2012.js
mu_bod_dl10	mu bod dl10	body_wall_muscle	muscular	1	4192	https://github.com/openworm/wormbrowser/blob/937839d19f505d0dff9aebb1e3bc69f7855942a8/org.openworm.wormbrowser/war/models/Virtual_Worm/Virtual_Worm_February_2012.js
mu_bod_dl8	mu bod dl8	body_wall_muscle	muscular	1	3920	https://github.com/openworm/wormbrowser/blob/937839d19f505d0dff9aebb1e3bc69f7855942a8/org.openworm.wormbrowser/war/models/Virtual_Worm/Virtual_Worm_February_2012.js
mu_bod_dl6	mu bod dl6	body_wall_muscle	muscular	1	2576	https://github.com/openworm/wormbrowser/blob/937839d19f505d0dff9aebb1e3bc69f7855942a8/org.openworm.wormbrowser/war/models/Virtual_Worm/Virtual_Worm_February_2012.js
mu_bod_dl4	mu bod dl4	body_wall_muscle	muscular	1	2240	https://github.com/openworm/wormbrowser/blob/937839d19f505d0dff9aebb1e3bc69f7855942a8/org.openworm.wormbrowser/war/models/Virtual_Worm/Virtual_Worm_February_2012.js
mu_bod_dl2	mu bod dl2	body_wall_muscle	muscular	1	2792	https://github.com/openworm/wormbrowser/blob/937839d19f505d0dff9aebb1e3bc69f7855942a8/org.openworm.wormbrowser/war/models/Virtual_Worm/Virtual_Worm_February_2012.js
mu_bod_dl23	mu bod dl23	body_wall_muscle	muscular	1	6896	https://github.com/openworm/wormbrowser/blob/937839d19f505d0dff9aebb1e3bc69f7855942a8/org.openworm.wormbrowser/war/models/Virtual_Worm/Virtual_Worm_February_2012.js
mu_bod_dl21	mu bod dl21	body_wall_muscle	muscular	1	3672	https://github.com/openworm/wormbrowser/blob/937839d19f505d0dff9aebb1e3bc69f7855942a8/org.openworm.wormbrowser/war/models/Virtual_Worm/Virtual_Worm_February_2012.js
mu_bod_dl19	mu bod dl19	body_wall_muscle	muscular	1	2424	https://github.com/openworm/wormbrowser/blob/937839d19f505d0dff9aebb1e3bc69f7855942a8/org.openworm.wormbrowser/war/models/Virtual_Worm/Virtual_Worm_February_2012.js
mu_bod_dl17	mu bod dl17	body_wall_muscle	muscular	1	4064	https://github.com/openworm/wormbrowser/blob/937839d19f505d0dff9aebb1e3bc69f7855942a8/org.openworm.wormbrowser/war/models/Virtual_Worm/Virtual_Worm_February_2012.js
mu_bod_dl15	mu bod dl15	body_wall_muscle	muscular	1	4040	https://github.com/openworm/wormbrowser/blob/937839d19f505d0dff9aebb1e3bc69f7855942a8/org.openworm.wormbrowser/war/models/Virtual_Worm/Virtual_Worm_February_2012.js
mu_bod_dl3	mu bod dl3	body_wall_muscle	muscular	1	2048	https://github.com/openworm/wormbrowser/blob/937839d19f505d0dff9aebb1e3bc69f7855942a8/org.openworm.wormbrowser/war/models/Virtual_Worm/Virtual_Worm_February_2012.js
mu_bod_dl5	mu bod dl5	body_wall_muscle	muscular	1	3272	https://github.com/openworm/wormbrowser/blob/937839d19f505d0dff9aebb1e3bc69f7855942a8/org.openworm.wormbrowser/war/models/Virtual_Worm/Virtual_Worm_February_2012.js
mu_bod_dl7	mu bod dl7	body_wall_muscle	muscular	1	2832	https://github.com/openworm/wormbrowser/blob/937839d19f505d0dff9aebb1e3bc69f7855942a8/org.openworm.wormbrowser/war/models/Virtual_Worm/Virtual_Worm_February_2012.js
mu_bod_dl9	mu bod dl9	body_wall_muscle	muscular	1	3656	https://github.com/openworm/wormbrowser/blob/937839d19f505d0dff9aebb1e3bc69f7855942a8/org.openworm.wormbrowser/war/models/Virtual_Worm/Virtual_Worm_February_2012.js
mu_bod_dl11	mu bod dl11	body_wall_muscle	muscular	1	3672	https://github.com/openworm/wormbrowser/blob/937839d19f505d0dff9aebb1e3bc69f7855942a8/org.openworm.wormbrowser/war/models/Virtual_Worm/Virtual_Worm_February_2012.js
mu_bod_dl13	mu bod dl13	body_wall_muscle	muscular	1	2848	https://github.com/openworm/wormbrowser/blob/937839d19f505d0dff9aebb1e3bc69f7855942a8/org.openworm.wormbrowser/war/models/Virtual_Worm/Virtual_Worm_February_2012.js
mu_bod_vr23	mu bod vr23	body_wall_muscle	muscular	1	7680	https://github.com/openworm/wormbrowser/blob/937839d19f505d0dff9aebb1e3bc69f7855942a8/org.openworm.wormbrowser/war/models/Virtual_Worm/Virtual_Worm_February_2012.js
mu_bod_vl23	mu bod vl23	body_wall_muscle	muscular	1	7680	https://github.com/openworm/wormbrowser/blob/937839d19f505d0dff9aebb1e3bc69f7855942a8/org.openworm.wormbrowser/war/models/Virtual_Worm/Virtual_Worm_February_2012.js
mu_bod_dr1	mu bod dr1	body_wall_muscle	muscular	1	3248	https://github.com/openworm/wormbrowser/blob/937839d19f505d0dff9aebb1e3bc69f7855942a8/org.openworm.wormbrowser/war/models/Virtual_Worm/Virtual_Worm_February_2012.js
mu_bod_dr24	mu bod dr24	body_wall_muscle	muscular	1	6160	https://github.com/openworm/wormbrowser/blob/937839d19f505d0dff9aebb1e3bc69f7855942a8/org.openworm.wormbrowser/war/models/Virtual_Worm/Virtual_Worm_February_2012.js
mu_bod_dl1	mu bod dl1	body_wall_muscle	muscular	1	3280	https://github.com/openworm/wormbrowser/blob/937839d19f505d0dff9aebb1e3bc69f7855942a8/org.openworm.wormbrowser/war/models/Virtual_Worm/Virtual_Worm_February_2012.js
mu_bod_dl24	mu bod dl24	body_wall_muscle	muscular	2	6688	https://github.com/openworm/wormbrowser/blob/937839d19f505d0dff9aebb1e3bc69f7855942a8/org.openworm.wormbrowser/war/models/Virtual_Worm/Virtual_Worm_February_2012.js
mu_bod_vr24	mu bod vr24	body_wall_muscle	muscular	1	9904	https://github.com/openworm/wormbrowser/blob/937839d19f505d0dff9aebb1e3bc69f7855942a8/org.openworm.wormbrowser/war/models/Virtual_Worm/Virtual_Worm_February_2012.js
ccdr	ccdr	coelomocyte	coelomocytes	1	1920	https://github.com/openworm/wormbrowser/blob/937839d19f505d0dff9aebb1e3bc69f7855942a8/org.openworm.wormbrowser/war/models/Virtual_Worm/Virtual_Worm_February_2012.js
ccdl	ccdl	coelomocyte	coelomocytes	1	1920	https://github.com/openworm/wormbrowser/blob/937839d19f505d0dff9aebb1e3bc69f7855942a8/org.openworm.wormbrowser/war/models/Virtual_Worm/Virtual_Worm_February_2012.js
ccpl	ccpl	coelomocyte	coelomocytes	1	1920	https://github.com/openworm/wormbrowser/blob/937839d19f505d0dff9aebb1e3bc69f7855942a8/org.openworm.wormbrowser/war/models/Virtual_Worm/Virtual_Worm_February_2012.js
ccal	ccal	coelomocyte	coelomocytes	1	1920	https://github.com/openworm/wormbrowser/blob/937839d19f505d0dff9aebb1e3bc69f7855942a8/org.openworm.wormbrowser/war/models/Virtual_Worm/Virtual_Worm_February_2012.js
ccar	ccar	coelomocyte	coelomocytes	1	1920	https://github.com/openworm/wormbrowser/blob/937839d19f505d0dff9aebb1e3bc69f7855942a8/org.openworm.wormbrowser/war/models/Virtual_Worm/Virtual_Worm_February_2012.js
ccpr	ccpr	coelomocyte	coelomocytes	1	1920	https://github.com/openworm/wormbrowser/blob/937839d19f505d0dff9aebb1e3bc69f7855942a8/org.openworm.wormbrowser/war/models/Virtual_Worm/Virtual_Worm_February_2012.js
gonadal_sheath_a5d	gonadal sheath a5d	dtc_&_somatic_gonad	reproductive	1	3040	https://github.com/openworm/wormbrowser/blob/937839d19f505d0dff9aebb1e3bc69f7855942a8/org.openworm.wormbrowser/war/models/Virtual_Worm/Virtual_Worm_February_2012.js
gonadal_sheath_a4d	gonadal sheath a4d	dtc_&_somatic_gonad	reproductive	1	2016	https://github.com/openworm/wormbrowser/blob/937839d19f505d0dff9aebb1e3bc69f7855942a8/org.openworm.wormbrowser/war/models/Virtual_Worm/Virtual_Worm_February_2012.js
gonadal_sheath_p5d	gonadal sheath p5d	dtc_&_somatic_gonad	reproductive	1	2800	https://github.com/openworm/wormbrowser/blob/937839d19f505d0dff9aebb1e3bc69f7855942a8/org.openworm.wormbrowser/war/models/Virtual_Worm/Virtual_Worm_February_2012.js
gonadal_sheath_p4d	gonadal sheath p4d	dtc_&_somatic_gonad	reproductive	1	2016	https://github.com/openworm/wormbrowser/blob/937839d19f505d0dff9aebb1e3bc69f7855942a8/org.openworm.wormbrowser/war/models/Virtual_Worm/Virtual_Worm_February_2012.js
gonadal_sheath_p3l	gonadal sheath p3l	dtc_&_somatic_gonad	reproductive	1	2208	https://github.com/openworm/wormbrowser/blob/937839d19f505d0dff9aebb1e3bc69f7855942a8/org.openworm.wormbrowser/war/models/Virtual_Worm/Virtual_Worm_February_2012.js
gonadal_sheath_p2l	gonadal sheath p2l	dtc_&_somatic_gonad	reproductive	1	2912	https://github.com/openworm/wormbrowser/blob/937839d19f505d0dff9aebb1e3bc69f7855942a8/org.openworm.wormbrowser/war/models/Virtual_Worm/Virtual_Worm_February_2012.js
gonadal_sheath_p1l	gonadal sheath p1l	dtc_&_somatic_gonad	reproductive	1	6496	https://github.com/openworm/wormbrowser/blob/937839d19f505d0dff9aebb1e3bc69f7855942a8/org.openworm.wormbrowser/war/models/Virtual_Worm/Virtual_Worm_February_2012.js
gonadal_sheath_a3l	gonadal sheath a3l	dtc_&_somatic_gonad	reproductive	1	1760	https://github.com/openworm/wormbrowser/blob/937839d19f505d0dff9aebb1e3bc69f7855942a8/org.openworm.wormbrowser/war/models/Virtual_Worm/Virtual_Worm_February_2012.js
gonadal_sheath_a2l	gonadal sheath a2l	dtc_&_somatic_gonad	reproductive	1	2208	https://github.com/openworm/wormbrowser/blob/937839d19f505d0dff9aebb1e3bc69f7855942a8/org.openworm.wormbrowser/war/models/Virtual_Worm/Virtual_Worm_February_2012.js
gonadal_sheath_a1l	gonadal sheath a1l	dtc_&_somatic_gonad	reproductive	1	6256	https://github.com/openworm/wormbrowser/blob/937839d19f505d0dff9aebb1e3bc69f7855942a8/org.openworm.wormbrowser/war/models/Virtual_Worm/Virtual_Worm_February_2012.js
gonadal_sheath_p4v	gonadal sheath p4v	dtc_&_somatic_gonad	reproductive	1	1504	https://github.com/openworm/wormbrowser/blob/937839d19f505d0dff9aebb1e3bc69f7855942a8/org.openworm.wormbrowser/war/models/Virtual_Worm/Virtual_Worm_February_2012.js
gonadal_sheath_p3r	gonadal sheath p3r	dtc_&_somatic_gonad	reproductive	1	2208	https://github.com/openworm/wormbrowser/blob/937839d19f505d0dff9aebb1e3bc69f7855942a8/org.openworm.wormbrowser/war/models/Virtual_Worm/Virtual_Worm_February_2012.js
gonadal_sheath_p2r	gonadal sheath p2r	dtc_&_somatic_gonad	reproductive	1	2912	https://github.com/openworm/wormbrowser/blob/937839d19f505d0dff9aebb1e3bc69f7855942a8/org.openworm.wormbrowser/war/models/Virtual_Worm/Virtual_Worm_February_2012.js
gonadal_sheath_p1r	gonadal sheath p1r	dtc_&_somatic_gonad	reproductive	1	6496	https://github.com/openworm/wormbrowser/blob/937839d19f505d0dff9aebb1e3bc69f7855942a8/org.openworm.wormbrowser/war/models/Virtual_Worm/Virtual_Worm_February_2012.js
distal_tip_cell_p	distal tip cell p	dtc_&_somatic_gonad	reproductive	1	1088	https://github.com/openworm/wormbrowser/blob/937839d19f505d0dff9aebb1e3bc69f7855942a8/org.openworm.wormbrowser/war/models/Virtual_Worm/Virtual_Worm_February_2012.js
gonadal_sheath_a4v	gonadal sheath a4v	dtc_&_somatic_gonad	reproductive	1	1504	https://github.com/openworm/wormbrowser/blob/937839d19f505d0dff9aebb1e3bc69f7855942a8/org.openworm.wormbrowser/war/models/Virtual_Worm/Virtual_Worm_February_2012.js
gonadal_sheath_a3r	gonadal sheath a3r	dtc_&_somatic_gonad	reproductive	1	1760	https://github.com/openworm/wormbrowser/blob/937839d19f505d0dff9aebb1e3bc69f7855942a8/org.openworm.wormbrowser/war/models/Virtual_Worm/Virtual_Worm_February_2012.js
gonadal_sheath_a2r	gonadal sheath a2r	dtc_&_somatic_gonad	reproductive	1	2208	https://github.com/openworm/wormbrowser/blob/937839d19f505d0dff9aebb1e3bc69f7855942a8/org.openworm.wormbrowser/war/models/Virtual_Worm/Virtual_Worm_February_2012.js
gonadal_sheath_a1r	gonadal sheath a1r	dtc_&_somatic_gonad	reproductive	1	6256	https://github.com/openworm/wormbrowser/blob/937839d19f505d0dff9aebb1e3bc69f7855942a8/org.openworm.wormbrowser/war/models/Virtual_Worm/Virtual_Worm_February_2012.js
distal_tip_cell_a	distal tip cell a	dtc_&_somatic_gonad	reproductive	1	1280	https://github.com/openworm/wormbrowser/blob/937839d19f505d0dff9aebb1e3bc69f7855942a8/org.openworm.wormbrowser/war/models/Virtual_Worm/Virtual_Worm_February_2012.js
gonadal_sheath_p5v	gonadal sheath p5v	dtc_&_somatic_gonad	reproductive	1	2480	https://github.com/openworm/wormbrowser/blob/937839d19f505d0dff9aebb1e3bc69f7855942a8/org.openworm.wormbrowser/war/models/Virtual_Worm/Virtual_Worm_February_2012.js
gonadal_sheath_a5v	gonadal sheath a5v	dtc_&_somatic_gonad	reproductive	1	2272	https://github.com/openworm/wormbrowser/blob/937839d19f505d0dff9aebb1e3bc69f7855942a8/org.openworm.wormbrowser/war/models/Virtual_Worm/Virtual_Worm_February_2012.js
pm2vr	pm2vr	even	muscular;digestive	1	4800	https://github.com/openworm/wormbrowser/blob/937839d19f505d0dff9aebb1e3bc69f7855942a8/org.openworm.wormbrowser/war/models/Virtual_Worm/Virtual_Worm_February_2012.js
pm2vl	pm2vl	even	muscular;digestive	1	4608	https://github.com/openworm/wormbrowser/blob/937839d19f505d0dff9aebb1e3bc69f7855942a8/org.openworm.wormbrowser/war/models/Virtual_Worm/Virtual_Worm_February_2012.js
pm2d	pm2d	even	muscular;digestive	1	4544	https://github.com/openworm/wormbrowser/blob/937839d19f505d0dff9aebb1e3bc69f7855942a8/org.openworm.wormbrowser/war/models/Virtual_Worm/Virtual_Worm_February_2012.js
pm8	pm8	even	muscular;digestive	1	896	https://github.com/openworm/wormbrowser/blob/937839d19f505d0dff9aebb1e3bc69f7855942a8/org.openworm.wormbrowser/war/models/Virtual_Worm/Virtual_Worm_February_2012.js
pm6vl	pm6vl	even	muscular;digestive	1	5536	https://github.com/openworm/wormbrowser/blob/937839d19f505d0dff9aebb1e3bc69f7855942a8/org.openworm.wormbrowser/war/models/Virtual_Worm/Virtual_Worm_February_2012.js
pm6d	pm6d	even	muscular;digestive	1	1128	https://github.com/openworm/wormbrowser/blob/937839d19f505d0dff9aebb1e3bc69f7855942a8/org.openworm.wormbrowser/war/models/Virtual_Worm/Virtual_Worm_February_2012.js
pm6vr	pm6vr	even	muscular;digestive	1	5024	https://github.com/openworm/wormbrowser/blob/937839d19f505d0dff9aebb1e3bc69f7855942a8/org.openworm.wormbrowser/war/models/Virtual_Worm/Virtual_Worm_February_2012.js
pm4vl	pm4vl	even	muscular;digestive	1	3376	https://github.com/openworm/wormbrowser/blob/937839d19f505d0dff9aebb1e3bc69f7855942a8/org.openworm.wormbrowser/war/models/Virtual_Worm/Virtual_Worm_February_2012.js
pm4d	pm4d	even	muscular;digestive	1	3352	https://github.com/openworm/wormbrowser/blob/937839d19f505d0dff9aebb1e3bc69f7855942a8/org.openworm.wormbrowser/war/models/Virtual_Worm/Virtual_Worm_February_2012.js
pm4vr	pm4vr	even	muscular;digestive	1	3392	https://github.com/openworm/wormbrowser/blob/937839d19f505d0dff9aebb1e3bc69f7855942a8/org.openworm.wormbrowser/war/models/Virtual_Worm/Virtual_Worm_February_2012.js
excretory_cell_excretory_cell	excretory cell excretory cell	excretory_cell	excretory	1	9280	https://github.com/openworm/wormbrowser/blob/937839d19f505d0dff9aebb1e3bc69f7855942a8/org.openworm.wormbrowser/war/models/Virtual_Worm/Virtual_Worm_February_2012.js
excretory_duct_cell_excretory_duct_cell	excretory duct cell excretory duct cell	excretory_duct_cell	excretory	1	1088	https://github.com/openworm/wormbrowser/blob/937839d19f505d0dff9aebb1e3bc69f7855942a8/org.openworm.wormbrowser/war/models/Virtual_Worm/Virtual_Worm_February_2012.js
excretory_gland_cell	excretory gland cell	excretory_gland_cells	excretory	1	3328	https://github.com/openworm/wormbrowser/blob/937839d19f505d0dff9aebb1e3bc69f7855942a8/org.openworm.wormbrowser/war/models/Virtual_Worm/Virtual_Worm_February_2012.js
excretory_pore_cell	excretory pore cell	excretory_pore_cell	excretory	1	960	https://github.com/openworm/wormbrowser/blob/937839d19f505d0dff9aebb1e3bc69f7855942a8/org.openworm.wormbrowser/war/models/Virtual_Worm/Virtual_Worm_February_2012.js
rachis_p	rachis p	germline	reproductive	1	3520	https://github.com/openworm/wormbrowser/blob/937839d19f505d0dff9aebb1e3bc69f7855942a8/org.openworm.wormbrowser/war/models/Virtual_Worm/Virtual_Worm_February_2012.js
rachis_a	rachis a	germline	reproductive	1	3136	https://github.com/openworm/wormbrowser/blob/937839d19f505d0dff9aebb1e3bc69f7855942a8/org.openworm.wormbrowser/war/models/Virtual_Worm/Virtual_Worm_February_2012.js
oocyte_post_8	oocyte post 8	germline	reproductive	1	896	https://github.com/openworm/wormbrowser/blob/937839d19f505d0dff9aebb1e3bc69f7855942a8/org.openworm.wormbrowser/war/models/Virtual_Worm/Virtual_Worm_February_2012.js
oocyte_post_7	oocyte post 7	germline	reproductive	1	704	https://github.com/openworm/wormbrowser/blob/937839d19f505d0dff9aebb1e3bc69f7855942a8/org.openworm.wormbrowser/war/models/Virtual_Worm/Virtual_Worm_February_2012.js
oocyte_post_6	oocyte post 6	germline	reproductive	1	704	https://github.com/openworm/wormbrowser/blob/937839d19f505d0dff9aebb1e3bc69f7855942a8/org.openworm.wormbrowser/war/models/Virtual_Worm/Virtual_Worm_February_2012.js
oocyte_post_5	oocyte post 5	germline	reproductive	1	704	https://github.com/openworm/wormbrowser/blob/937839d19f505d0dff9aebb1e3bc69f7855942a8/org.openworm.wormbrowser/war/models/Virtual_Worm/Virtual_Worm_February_2012.js
oocyte_post_4	oocyte post 4	germline	reproductive	1	704	https://github.com/openworm/wormbrowser/blob/937839d19f505d0dff9aebb1e3bc69f7855942a8/org.openworm.wormbrowser/war/models/Virtual_Worm/Virtual_Worm_February_2012.js
oocyte_post_3	oocyte post 3	germline	reproductive	1	704	https://github.com/openworm/wormbrowser/blob/937839d19f505d0dff9aebb1e3bc69f7855942a8/org.openworm.wormbrowser/war/models/Virtual_Worm/Virtual_Worm_February_2012.js
oocyte_post_2	oocyte post 2	germline	reproductive	1	704	https://github.com/openworm/wormbrowser/blob/937839d19f505d0dff9aebb1e3bc69f7855942a8/org.openworm.wormbrowser/war/models/Virtual_Worm/Virtual_Worm_February_2012.js
oocyte_post_1	oocyte post 1	germline	reproductive	1	704	https://github.com/openworm/wormbrowser/blob/937839d19f505d0dff9aebb1e3bc69f7855942a8/org.openworm.wormbrowser/war/models/Virtual_Worm/Virtual_Worm_February_2012.js
oocyte_ant_10	oocyte ant 10	germline	reproductive	1	704	https://github.com/openworm/wormbrowser/blob/937839d19f505d0dff9aebb1e3bc69f7855942a8/org.openworm.wormbrowser/war/models/Virtual_Worm/Virtual_Worm_February_2012.js
oocyte_ant_9	oocyte ant 9	germline	reproductive	1	704	https://github.com/openworm/wormbrowser/blob/937839d19f505d0dff9aebb1e3bc69f7855942a8/org.openworm.wormbrowser/war/models/Virtual_Worm/Virtual_Worm_February_2012.js
oocyte_ant_8	oocyte ant 8	germline	reproductive	1	704	https://github.com/openworm/wormbrowser/blob/937839d19f505d0dff9aebb1e3bc69f7855942a8/org.openworm.wormbrowser/war/models/Virtual_Worm/Virtual_Worm_February_2012.js
oocyte_ant_7	oocyte ant 7	germline	reproductive	1	704	https://github.com/openworm/wormbrowser/blob/937839d19f505d0dff9aebb1e3bc69f7855942a8/org.openworm.wormbrowser/war/models/Virtual_Worm/Virtual_Worm_February_2012.js
oocyte_ant_6	oocyte ant 6	germline	reproductive	1	704	https://github.com/openworm/wormbrowser/blob/937839d19f505d0dff9aebb1e3bc69f7855942a8/org.openworm.wormbrowser/war/models/Virtual_Worm/Virtual_Worm_February_2012.js
oocyte_ant_5	oocyte ant 5	germline	reproductive	1	704	https://github.com/openworm/wormbrowser/blob/937839d19f505d0dff9aebb1e3bc69f7855942a8/org.openworm.wormbrowser/war/models/Virtual_Worm/Virtual_Worm_February_2012.js
oocyte_ant_4	oocyte ant 4	germline	reproductive	1	704	https://github.com/openworm/wormbrowser/blob/937839d19f505d0dff9aebb1e3bc69f7855942a8/org.openworm.wormbrowser/war/models/Virtual_Worm/Virtual_Worm_February_2012.js
oocyte_ant_3	oocyte ant 3	germline	reproductive	1	704	https://github.com/openworm/wormbrowser/blob/937839d19f505d0dff9aebb1e3bc69f7855942a8/org.openworm.wormbrowser/war/models/Virtual_Worm/Virtual_Worm_February_2012.js
oocyte_ant_2	oocyte ant 2	germline	reproductive	1	704	https://github.com/openworm/wormbrowser/blob/937839d19f505d0dff9aebb1e3bc69f7855942a8/org.openworm.wormbrowser/war/models/Virtual_Worm/Virtual_Worm_February_2012.js
oocyte_ant_1	oocyte ant 1	germline	reproductive	1	704	https://github.com/openworm/wormbrowser/blob/937839d19f505d0dff9aebb1e3bc69f7855942a8/org.openworm.wormbrowser/war/models/Virtual_Worm/Virtual_Worm_February_2012.js
glrvr	glrvr	glr_cells	other	1	2240	https://github.com/openworm/wormbrowser/blob/937839d19f505d0dff9aebb1e3bc69f7855942a8/org.openworm.wormbrowser/war/models/Virtual_Worm/Virtual_Worm_February_2012.js
glrdr	glrdr	glr_cells	other	1	2496	https://github.com/openworm/wormbrowser/blob/937839d19f505d0dff9aebb1e3bc69f7855942a8/org.openworm.wormbrowser/war/models/Virtual_Worm/Virtual_Worm_February_2012.js
glrr	glrr	glr_cells	other	1	2752	https://github.com/openworm/wormbrowser/blob/937839d19f505d0dff9aebb1e3bc69f7855942a8/org.openworm.wormbrowser/war/models/Virtual_Worm/Virtual_Worm_February_2012.js
glrl	glrl	glr_cells	other	1	2752	https://github.com/openworm/wormbrowser/blob/937839d19f505d0dff9aebb1e3bc69f7855942a8/org.openworm.wormbrowser/war/models/Virtual_Worm/Virtual_Worm_February_2012.js
glrdl	glrdl	glr_cells	other	1	2496	https://github.com/openworm/wormbrowser/blob/937839d19f505d0dff9aebb1e3bc69f7855942a8/org.openworm.wormbrowser/war/models/Virtual_Worm/Virtual_Worm_February_2012.js
glrvl	glrvl	glr_cells	other	1	2240	https://github.com/openworm/wormbrowser/blob/937839d19f505d0dff9aebb1e3bc69f7855942a8/org.openworm.wormbrowser/war/models/Virtual_Worm/Virtual_Worm_February_2012.js
head_mesodermal_cell	head mesodermal cell	head_mesodermal_cell	other	1	4864	https://github.com/openworm/wormbrowser/blob/937839d19f505d0dff9aebb1e3bc69f7855942a8/org.openworm.wormbrowser/war/models/Virtual_Worm/Virtual_Worm_February_2012.js
hyp10	hyp10	hypodermis	surface	1	2240	https://github.com/openworm/wormbrowser/blob/937839d19f505d0dff9aebb1e3bc69f7855942a8/org.openworm.wormbrowser/war/models/Virtual_Worm/Virtual_Worm_February_2012.js
hyp9	hyp9	hypodermis	surface	1	2096	https://github.com/openworm/wormbrowser/blob/937839d19f505d0dff9aebb1e3bc69f7855942a8/org.openworm.wormbrowser/war/models/Virtual_Worm/Virtual_Worm_February_2012.js
hyp8	hyp8	hypodermis	surface	1	1808	https://github.com/openworm/wormbrowser/blob/937839d19f505d0dff9aebb1e3bc69f7855942a8/org.openworm.wormbrowser/war/models/Virtual_Worm/Virtual_Worm_February_2012.js
hyp11	hyp11	hypodermis	surface	1	2768	https://github.com/openworm/wormbrowser/blob/937839d19f505d0dff9aebb1e3bc69f7855942a8/org.openworm.wormbrowser/war/models/Virtual_Worm/Virtual_Worm_February_2012.js
hyp7	hyp7	hypodermis	surface	2	114800	https://github.com/openworm/wormbrowser/blob/937839d19f505d0dff9aebb1e3bc69f7855942a8/org.openworm.wormbrowser/war/models/Virtual_Worm/Virtual_Worm_February_2012.js
hyp5	hyp5	hypodermis	surface	1	10752	https://github.com/openworm/wormbrowser/blob/937839d19f505d0dff9aebb1e3bc69f7855942a8/org.openworm.wormbrowser/war/models/Virtual_Worm/Virtual_Worm_February_2012.js
hyp4	hyp4	hypodermis	surface	1	14080	https://github.com/openworm/wormbrowser/blob/937839d19f505d0dff9aebb1e3bc69f7855942a8/org.openworm.wormbrowser/war/models/Virtual_Worm/Virtual_Worm_February_2012.js
hyp2	hyp2	hypodermis	surface	1	22784	https://github.com/openworm/wormbrowser/blob/937839d19f505d0dff9aebb1e3bc69f7855942a8/org.openworm.wormbrowser/war/models/Virtual_Worm/Virtual_Worm_February_2012.js
hyp1	hyp1	hypodermis	surface	1	20480	https://github.com/openworm/wormbrowser/blob/937839d19f505d0dff9aebb1e3bc69f7855942a8/org.openworm.wormbrowser/war/models/Virtual_Worm/Virtual_Worm_February_2012.js
hyp3	hyp3	hypodermis	surface	1	12288	https://github.com/openworm/wormbrowser/blob/937839d19f505d0dff9aebb1e3bc69f7855942a8/org.openworm.wormbrowser/war/models/Virtual_Worm/Virtual_Worm_February_2012.js
cuticle	cuticle	hypodermis	surface	2	32096	https://github.com/openworm/wormbrowser/blob/937839d19f505d0dff9aebb1e3bc69f7855942a8/org.openworm.wormbrowser/war/models/Virtual_Worm/Virtual_Worm_February_2012.js
siavr	SIAVR	interneuron	nervous	1	6464	https://github.com/openworm/wormbrowser/blob/937839d19f505d0dff9aebb1e3bc69f7855942a8/org.openworm.wormbrowser/war/models/Virtual_Worm/Virtual_Worm_February_2012.js
sdqr	SDQR	interneuron	nervous	1	2624	https://github.com/openworm/wormbrowser/blob/937839d19f505d0dff9aebb1e3bc69f7855942a8/org.openworm.wormbrowser/war/models/Virtual_Worm/Virtual_Worm_February_2012.js
sdql	SDQL	interneuron	nervous	1	4544	https://github.com/openworm/wormbrowser/blob/937839d19f505d0dff9aebb1e3bc69f7855942a8/org.openworm.wormbrowser/war/models/Virtual_Worm/Virtual_Worm_February_2012.js
bdur	BDUR	interneuron	nervous	1	2752	https://github.com/openworm/wormbrowser/blob/937839d19f505d0dff9aebb1e3bc69f7855942a8/org.openworm.wormbrowser/war/models/Virtual_Worm/Virtual_Worm_February_2012.js
pvnr	PVNR	interneuron	nervous	1	10560	https://github.com/openworm/wormbrowser/blob/937839d19f505d0dff9aebb1e3bc69f7855942a8/org.openworm.wormbrowser/war/models/Virtual_Worm/Virtual_Worm_February_2012.js
pvwr	PVWR	interneuron	nervous	1	2112	https://github.com/openworm/wormbrowser/blob/937839d19f505d0dff9aebb1e3bc69f7855942a8/org.openworm.wormbrowser/war/models/Virtual_Worm/Virtual_Worm_February_2012.js
pvcr	PVCR	interneuron	nervous	1	7744	https://github.com/openworm/wormbrowser/blob/937839d19f505d0dff9aebb1e3bc69f7855942a8/org.openworm.wormbrowser/war/models/Virtual_Worm/Virtual_Worm_February_2012.js
luar	LUAR	interneuron	nervous	1	1824	https://github.com/openworm/wormbrowser/blob/937839d19f505d0dff9aebb1e3bc69f7855942a8/org.openworm.wormbrowser/war/models/Virtual_Worm/Virtual_Worm_February_2012.js
pvpl	PVPL	interneuron	nervous	1	6592	https://github.com/openworm/wormbrowser/blob/937839d19f505d0dff9aebb1e3bc69f7855942a8/org.openworm.wormbrowser/war/models/Virtual_Worm/Virtual_Worm_February_2012.js
ripr	RIPR	interneuron	nervous	1	4416	https://github.com/openworm/wormbrowser/blob/937839d19f505d0dff9aebb1e3bc69f7855942a8/org.openworm.wormbrowser/war/models/Virtual_Worm/Virtual_Worm_February_2012.js
urbr	URBR	interneuron	nervous	1	1728	https://github.com/openworm/wormbrowser/blob/937839d19f505d0dff9aebb1e3bc69f7855942a8/org.openworm.wormbrowser/war/models/Virtual_Worm/Virtual_Worm_February_2012.js
aibr	AIBR	interneuron	nervous	1	4160	https://github.com/openworm/wormbrowser/blob/937839d19f505d0dff9aebb1e3bc69f7855942a8/org.openworm.wormbrowser/war/models/Virtual_Worm/Virtual_Worm_February_2012.js
adar	ADAR	interneuron	nervous	1	2624	https://github.com/openworm/wormbrowser/blob/937839d19f505d0dff9aebb1e3bc69f7855942a8/org.openworm.wormbrowser/war/models/Virtual_Worm/Virtual_Worm_February_2012.js
mi	MI	interneuron	nervous	1	2496	https://github.com/openworm/wormbrowser/blob/937839d19f505d0dff9aebb1e3bc69f7855942a8/org.openworm.wormbrowser/war/models/Virtual_Worm/Virtual_Worm_February_2012.js
i6	I6	interneuron	nervous	1	3264	https://github.com/openworm/wormbrowser/blob/937839d19f505d0dff9aebb1e3bc69f7855942a8/org.openworm.wormbrowser/war/models/Virtual_Worm/Virtual_Worm_February_2012.js
i5	I5	interneuron	nervous	1	12160	https://github.com/openworm/wormbrowser/blob/937839d19f505d0dff9aebb1e3bc69f7855942a8/org.openworm.wormbrowser/war/models/Virtual_Worm/Virtual_Worm_February_2012.js
i4	I4	interneuron	nervous	1	5440	https://github.com/openworm/wormbrowser/blob/937839d19f505d0dff9aebb1e3bc69f7855942a8/org.openworm.wormbrowser/war/models/Virtual_Worm/Virtual_Worm_February_2012.js
i3	I3	interneuron	nervous	1	1856	https://github.com/openworm/wormbrowser/blob/937839d19f505d0dff9aebb1e3bc69f7855942a8/org.openworm.wormbrowser/war/models/Virtual_Worm/Virtual_Worm_February_2012.js
i2r	I2R	interneuron	nervous	1	4032	https://github.com/openworm/wormbrowser/blob/937839d19f505d0dff9aebb1e3bc69f7855942a8/org.openworm.wormbrowser/war/models/Virtual_Worm/Virtual_Worm_February_2012.js
i1r	I1R	interneuron	nervous	1	3520	https://github.com/openworm/wormbrowser/blob/937839d19f505d0dff9aebb1e3bc69f7855942a8/org.openworm.wormbrowser/war/models/Virtual_Worm/Virtual_Worm_February_2012.js
pvnl	PVNL	interneuron	nervous	1	12480	https://github.com/openworm/wormbrowser/blob/937839d19f505d0dff9aebb1e3bc69f7855942a8/org.openworm.wormbrowser/war/models/Virtual_Worm/Virtual_Worm_February_2012.js
pvcl	PVCL	interneuron	nervous	2	7488	https://github.com/openworm/wormbrowser/blob/937839d19f505d0dff9aebb1e3bc69f7855942a8/org.openworm.wormbrowser/war/models/Virtual_Worm/Virtual_Worm_February_2012.js
pvql	PVQL	interneuron	nervous	1	8128	https://github.com/openworm/wormbrowser/blob/937839d19f505d0dff9aebb1e3bc69f7855942a8/org.openworm.wormbrowser/war/models/Virtual_Worm/Virtual_Worm_February_2012.js
pvt	PVT	interneuron	nervous	1	7616	https://github.com/openworm/wormbrowser/blob/937839d19f505d0dff9aebb1e3bc69f7855942a8/org.openworm.wormbrowser/war/models/Virtual_Worm/Virtual_Worm_February_2012.js
pvpr	PVPR	interneuron	nervous	1	6336	https://github.com/openworm/wormbrowser/blob/937839d19f505d0dff9aebb1e3bc69f7855942a8/org.openworm.wormbrowser/war/models/Virtual_Worm/Virtual_Worm_February_2012.js
pvwl	PVWL	interneuron	nervous	1	2112	https://github.com/openworm/wormbrowser/blob/937839d19f505d0dff9aebb1e3bc69f7855942a8/org.openworm.wormbrowser/war/models/Virtual_Worm/Virtual_Worm_February_2012.js
lual	LUAL	interneuron	nervous	1	1824	https://github.com/openworm/wormbrowser/blob/937839d19f505d0dff9aebb1e3bc69f7855942a8/org.openworm.wormbrowser/war/models/Virtual_Worm/Virtual_Worm_February_2012.js
pvqr	PVQR	interneuron	nervous	1	8000	https://github.com/openworm/wormbrowser/blob/937839d19f505d0dff9aebb1e3bc69f7855942a8/org.openworm.wormbrowser/war/models/Virtual_Worm/Virtual_Worm_February_2012.js
bdul	BDUL	interneuron	nervous	1	2752	https://github.com/openworm/wormbrowser/blob/937839d19f505d0dff9aebb1e3bc69f7855942a8/org.openworm.wormbrowser/war/models/Virtual_Worm/Virtual_Worm_February_2012.js
i1l	I1L	interneuron	nervous	1	3520	https://github.com/openworm/wormbrowser/blob/937839d19f505d0dff9aebb1e3bc69f7855942a8/org.openworm.wormbrowser/war/models/Virtual_Worm/Virtual_Worm_February_2012.js
i2l	I2L	interneuron	nervous	1	4032	https://github.com/openworm/wormbrowser/blob/937839d19f505d0dff9aebb1e3bc69f7855942a8/org.openworm.wormbrowser/war/models/Virtual_Worm/Virtual_Worm_February_2012.js
rivr	RIVR	interneuron	nervous	1	3264	https://github.com/openworm/wormbrowser/blob/937839d19f505d0dff9aebb1e3bc69f7855942a8/org.openworm.wormbrowser/war/models/Virtual_Worm/Virtual_Worm_February_2012.js
avjr	AVJR	interneuron	nervous	1	7360	https://github.com/openworm/wormbrowser/blob/937839d19f505d0dff9aebb1e3bc69f7855942a8/org.openworm.wormbrowser/war/models/Virtual_Worm/Virtual_Worm_February_2012.js
ricr	RICR	interneuron	nervous	1	3296	https://github.com/openworm/wormbrowser/blob/937839d19f505d0dff9aebb1e3bc69f7855942a8/org.openworm.wormbrowser/war/models/Virtual_Worm/Virtual_Worm_February_2012.js
sibvr	SIBVR	interneuron	nervous	1	8544	https://github.com/openworm/wormbrowser/blob/937839d19f505d0dff9aebb1e3bc69f7855942a8/org.openworm.wormbrowser/war/models/Virtual_Worm/Virtual_Worm_February_2012.js
siadr	SIADR	interneuron	nervous	1	6624	https://github.com/openworm/wormbrowser/blob/937839d19f505d0dff9aebb1e3bc69f7855942a8/org.openworm.wormbrowser/war/models/Virtual_Worm/Virtual_Worm_February_2012.js
aiar	AIAR	interneuron	nervous	1	1856	https://github.com/openworm/wormbrowser/blob/937839d19f505d0dff9aebb1e3bc69f7855942a8/org.openworm.wormbrowser/war/models/Virtual_Worm/Virtual_Worm_February_2012.js
saadl	SAADL	interneuron	nervous	1	4832	https://github.com/openworm/wormbrowser/blob/937839d19f505d0dff9aebb1e3bc69f7855942a8/org.openworm.wormbrowser/war/models/Virtual_Worm/Virtual_Worm_February_2012.js
ribr	RIBR	interneuron	nervous	1	4160	https://github.com/openworm/wormbrowser/blob/937839d19f505d0dff9aebb1e3bc69f7855942a8/org.openworm.wormbrowser/war/models/Virtual_Worm/Virtual_Worm_February_2012.js
avkr	AVKR	interneuron	nervous	1	8288	https://github.com/openworm/wormbrowser/blob/937839d19f505d0dff9aebb1e3bc69f7855942a8/org.openworm.wormbrowser/war/models/Virtual_Worm/Virtual_Worm_February_2012.js
avkl	AVKL	interneuron	nervous	1	8288	https://github.com/openworm/wormbrowser/blob/937839d19f505d0dff9aebb1e3bc69f7855942a8/org.openworm.wormbrowser/war/models/Virtual_Worm/Virtual_Worm_February_2012.js
avfl	AVFL	interneuron	nervous	1	8384	https://github.com/openworm/wormbrowser/blob/937839d19f505d0dff9aebb1e3bc69f7855942a8/org.openworm.wormbrowser/war/models/Virtual_Worm/Virtual_Worm_February_2012.js
avfr	AVFR	interneuron	nervous	2	8512	https://github.com/openworm/wormbrowser/blob/937839d19f505d0dff9aebb1e3bc69f7855942a8/org.openworm.wormbrowser/war/models/Virtual_Worm/Virtual_Worm_February_2012.js
avar	AVAR	interneuron	nervous	1	7392	https://github.com/openworm/wormbrowser/blob/937839d19f505d0dff9aebb1e3bc69f7855942a8/org.openworm.wormbrowser/war/models/Virtual_Worm/Virtual_Worm_February_2012.js
avbr	AVBR	interneuron	nervous	1	8576	https://github.com/openworm/wormbrowser/blob/937839d19f505d0dff9aebb1e3bc69f7855942a8/org.openworm.wormbrowser/war/models/Virtual_Worm/Virtual_Worm_February_2012.js
avdl	AVDL	interneuron	nervous	1	7392	https://github.com/openworm/wormbrowser/blob/937839d19f505d0dff9aebb1e3bc69f7855942a8/org.openworm.wormbrowser/war/models/Virtual_Worm/Virtual_Worm_February_2012.js
avbl	AVBL	interneuron	nervous	1	8576	https://github.com/openworm/wormbrowser/blob/937839d19f505d0dff9aebb1e3bc69f7855942a8/org.openworm.wormbrowser/war/models/Virtual_Worm/Virtual_Worm_February_2012.js
aval	AVAL	interneuron	nervous	1	7392	https://github.com/openworm/wormbrowser/blob/937839d19f505d0dff9aebb1e3bc69f7855942a8/org.openworm.wormbrowser/war/models/Virtual_Worm/Virtual_Worm_February_2012.js
avdr	AVDR	interneuron	nervous	1	7392	https://github.com/openworm/wormbrowser/blob/937839d19f505d0dff9aebb1e3bc69f7855942a8/org.openworm.wormbrowser/war/models/Virtual_Worm/Virtual_Worm_February_2012.js
saadr	SAADR	interneuron	nervous	1	4832	https://github.com/openworm/wormbrowser/blob/937839d19f505d0dff9aebb1e3bc69f7855942a8/org.openworm.wormbrowser/war/models/Virtual_Worm/Virtual_Worm_February_2012.js
rir	RIR	interneuron	nervous	1	3392	https://github.com/openworm/wormbrowser/blob/937839d19f505d0dff9aebb1e3bc69f7855942a8/org.openworm.wormbrowser/war/models/Virtual_Worm/Virtual_Worm_February_2012.js
sibdr	SIBDR	interneuron	nervous	1	6752	https://github.com/openworm/wormbrowser/blob/937839d19f505d0dff9aebb1e3bc69f7855942a8/org.openworm.wormbrowser/war/models/Virtual_Worm/Virtual_Worm_February_2012.js
aver	AVER	interneuron	nervous	1	4416	https://github.com/openworm/wormbrowser/blob/937839d19f505d0dff9aebb1e3bc69f7855942a8/org.openworm.wormbrowser/war/models/Virtual_Worm/Virtual_Worm_February_2012.js
riar	RIAR	interneuron	nervous	1	3392	https://github.com/openworm/wormbrowser/blob/937839d19f505d0dff9aebb1e3bc69f7855942a8/org.openworm.wormbrowser/war/models/Virtual_Worm/Virtual_Worm_February_2012.js
saavr	SAAVR	interneuron	nervous	1	4800	https://github.com/openworm/wormbrowser/blob/937839d19f505d0dff9aebb1e3bc69f7855942a8/org.openworm.wormbrowser/war/models/Virtual_Worm/Virtual_Worm_February_2012.js
ainr	AINR	interneuron	nervous	1	2272	https://github.com/openworm/wormbrowser/blob/937839d19f505d0dff9aebb1e3bc69f7855942a8/org.openworm.wormbrowser/war/models/Virtual_Worm/Virtual_Worm_February_2012.js
avhr	AVHR	interneuron	nervous	1	7360	https://github.com/openworm/wormbrowser/blob/937839d19f505d0dff9aebb1e3bc69f7855942a8/org.openworm.wormbrowser/war/models/Virtual_Worm/Virtual_Worm_February_2012.js
urxr	URXR	interneuron	nervous	1	2752	https://github.com/openworm/wormbrowser/blob/937839d19f505d0dff9aebb1e3bc69f7855942a8/org.openworm.wormbrowser/war/models/Virtual_Worm/Virtual_Worm_February_2012.js
ris	RIS	interneuron	nervous	1	2912	https://github.com/openworm/wormbrowser/blob/937839d19f505d0dff9aebb1e3bc69f7855942a8/org.openworm.wormbrowser/war/models/Virtual_Worm/Virtual_Worm_February_2012.js
ripl	RIPL	interneuron	nervous	1	4416	https://github.com/openworm/wormbrowser/blob/937839d19f505d0dff9aebb1e3bc69f7855942a8/org.openworm.wormbrowser/war/models/Virtual_Worm/Virtual_Worm_February_2012.js
urbl	URBL	interneuron	nervous	1	1728	https://github.com/openworm/wormbrowser/blob/937839d19f505d0dff9aebb1e3bc69f7855942a8/org.openworm.wormbrowser/war/models/Virtual_Worm/Virtual_Worm_February_2012.js
adal	ADAL	interneuron	nervous	1	2624	https://github.com/openworm/wormbrowser/blob/937839d19f505d0dff9aebb1e3bc69f7855942a8/org.openworm.wormbrowser/war/models/Virtual_Worm/Virtual_Worm_February_2012.js
rid	RID	interneuron	nervous	2	9152	https://github.com/openworm/wormbrowser/blob/937839d19f505d0dff9aebb1e3bc69f7855942a8/org.openworm.wormbrowser/war/models/Virtual_Worm/Virtual_Worm_February_2012.js
urxl	URXL	interneuron	nervous	1	2752	https://github.com/openworm/wormbrowser/blob/937839d19f505d0dff9aebb1e3bc69f7855942a8/org.openworm.wormbrowser/war/models/Virtual_Worm/Virtual_Worm_February_2012.js
rivl	RIVL	interneuron	nervous	1	3264	https://github.com/openworm/wormbrowser/blob/937839d19f505d0dff9aebb1e3bc69f7855942a8/org.openworm.wormbrowser/war/models/Virtual_Worm/Virtual_Worm_February_2012.js
avhl	AVHL	interneuron	nervous	1	7360	https://github.com/openworm/wormbrowser/blob/937839d19f505d0dff9aebb1e3bc69f7855942a8/org.openworm.wormbrowser/war/models/Virtual_Worm/Virtual_Worm_February_2012.js
avjl	AVJL	interneuron	nervous	1	7488	https://github.com/openworm/wormbrowser/blob/937839d19f505d0dff9aebb1e3bc69f7855942a8/org.openworm.wormbrowser/war/models/Virtual_Worm/Virtual_Worm_February_2012.js
ainl	AINL	interneuron	nervous	1	2272	https://github.com/openworm/wormbrowser/blob/937839d19f505d0dff9aebb1e3bc69f7855942a8/org.openworm.wormbrowser/war/models/Virtual_Worm/Virtual_Worm_February_2012.js
saavl	SAAVL	interneuron	nervous	1	4800	https://github.com/openworm/wormbrowser/blob/937839d19f505d0dff9aebb1e3bc69f7855942a8/org.openworm.wormbrowser/war/models/Virtual_Worm/Virtual_Worm_February_2012.js
rial	RIAL	interneuron	nervous	1	3392	https://github.com/openworm/wormbrowser/blob/937839d19f505d0dff9aebb1e3bc69f7855942a8/org.openworm.wormbrowser/war/models/Virtual_Worm/Virtual_Worm_February_2012.js
avel	AVEL	interneuron	nervous	1	4416	https://github.com/openworm/wormbrowser/blob/937839d19f505d0dff9aebb1e3bc69f7855942a8/org.openworm.wormbrowser/war/models/Virtual_Worm/Virtual_Worm_February_2012.js
sibdl	SIBDL	interneuron	nervous	1	6752	https://github.com/openworm/wormbrowser/blob/937839d19f505d0dff9aebb1e3bc69f7855942a8/org.openworm.wormbrowser/war/models/Virtual_Worm/Virtual_Worm_February_2012.js
ribl	RIBL	interneuron	nervous	1	4160	https://github.com/openworm/wormbrowser/blob/937839d19f505d0dff9aebb1e3bc69f7855942a8/org.openworm.wormbrowser/war/models/Virtual_Worm/Virtual_Worm_February_2012.js
aizl	AIZL	interneuron	nervous	1	2880	https://github.com/openworm/wormbrowser/blob/937839d19f505d0dff9aebb1e3bc69f7855942a8/org.openworm.wormbrowser/war/models/Virtual_Worm/Virtual_Worm_February_2012.js
ricl	RICL	interneuron	nervous	1	3296	https://github.com/openworm/wormbrowser/blob/937839d19f505d0dff9aebb1e3bc69f7855942a8/org.openworm.wormbrowser/war/models/Virtual_Worm/Virtual_Worm_February_2012.js
aiyr	AIYR	interneuron	nervous	1	1856	https://github.com/openworm/wormbrowser/blob/937839d19f505d0dff9aebb1e3bc69f7855942a8/org.openworm.wormbrowser/war/models/Virtual_Worm/Virtual_Worm_February_2012.js
aimr	AIMR	interneuron	nervous	1	1984	https://github.com/openworm/wormbrowser/blob/937839d19f505d0dff9aebb1e3bc69f7855942a8/org.openworm.wormbrowser/war/models/Virtual_Worm/Virtual_Worm_February_2012.js
aibl	AIBL	interneuron	nervous	1	4160	https://github.com/openworm/wormbrowser/blob/937839d19f505d0dff9aebb1e3bc69f7855942a8/org.openworm.wormbrowser/war/models/Virtual_Worm/Virtual_Worm_February_2012.js
rigl	RIGL	interneuron	nervous	1	1856	https://github.com/openworm/wormbrowser/blob/937839d19f505d0dff9aebb1e3bc69f7855942a8/org.openworm.wormbrowser/war/models/Virtual_Worm/Virtual_Worm_February_2012.js
sabd	SABD	interneuron	nervous	1	5312	https://github.com/openworm/wormbrowser/blob/937839d19f505d0dff9aebb1e3bc69f7855942a8/org.openworm.wormbrowser/war/models/Virtual_Worm/Virtual_Worm_February_2012.js
avg	AVG	interneuron	nervous	1	6592	https://github.com/openworm/wormbrowser/blob/937839d19f505d0dff9aebb1e3bc69f7855942a8/org.openworm.wormbrowser/war/models/Virtual_Worm/Virtual_Worm_February_2012.js
rifl	RIFL	interneuron	nervous	1	1984	https://github.com/openworm/wormbrowser/blob/937839d19f505d0dff9aebb1e3bc69f7855942a8/org.openworm.wormbrowser/war/models/Virtual_Worm/Virtual_Worm_February_2012.js
rigr	RIGR	interneuron	nervous	1	1856	https://github.com/openworm/wormbrowser/blob/937839d19f505d0dff9aebb1e3bc69f7855942a8/org.openworm.wormbrowser/war/models/Virtual_Worm/Virtual_Worm_February_2012.js
rifr	RIFR	interneuron	nervous	1	1984	https://github.com/openworm/wormbrowser/blob/937839d19f505d0dff9aebb1e3bc69f7855942a8/org.openworm.wormbrowser/war/models/Virtual_Worm/Virtual_Worm_February_2012.js
sabvr	SABVR	interneuron	nervous	1	1728	https://github.com/openworm/wormbrowser/blob/937839d19f505d0dff9aebb1e3bc69f7855942a8/org.openworm.wormbrowser/war/models/Virtual_Worm/Virtual_Worm_February_2012.js
sabvl	SABVL	interneuron	nervous	1	1728	https://github.com/openworm/wormbrowser/blob/937839d19f505d0dff9aebb1e3bc69f7855942a8/org.openworm.wormbrowser/war/models/Virtual_Worm/Virtual_Worm_February_2012.js
aiml	AIML	interneuron	nervous	1	1984	https://github.com/openworm/wormbrowser/blob/937839d19f505d0dff9aebb1e3bc69f7855942a8/org.openworm.wormbrowser/war/models/Virtual_Worm/Virtual_Worm_February_2012.js
aiyl	AIYL	interneuron	nervous	1	1856	https://github.com/openworm/wormbrowser/blob/937839d19f505d0dff9aebb1e3bc69f7855942a8/org.openworm.wormbrowser/war/models/Virtual_Worm/Virtual_Worm_February_2012.js
siadl	SIADL	interneuron	nervous	2	6624	https://github.com/openworm/wormbrowser/blob/937839d19f505d0dff9aebb1e3bc69f7855942a8/org.openworm.wormbrowser/war/models/Virtual_Worm/Virtual_Worm_February_2012.js
aial	AIAL	interneuron	nervous	1	1856	https://github.com/openworm/wormbrowser/blob/937839d19f505d0dff9aebb1e3bc69f7855942a8/org.openworm.wormbrowser/war/models/Virtual_Worm/Virtual_Worm_February_2012.js
siavl	SIAVL	interneuron	nervous	1	6464	https://github.com/openworm/wormbrowser/blob/937839d19f505d0dff9aebb1e3bc69f7855942a8/org.openworm.wormbrowser/war/models/Virtual_Worm/Virtual_Worm_February_2012.js
sibvl	SIBVL	interneuron	nervous	1	8544	https://github.com/openworm/wormbrowser/blob/937839d19f505d0dff9aebb1e3bc69f7855942a8/org.openworm.wormbrowser/war/models/Virtual_Worm/Virtual_Worm_February_2012.js
rih	RIH	interneuron	nervous	1	4032	https://github.com/openworm/wormbrowser/blob/937839d19f505d0dff9aebb1e3bc69f7855942a8/org.openworm.wormbrowser/war/models/Virtual_Worm/Virtual_Worm_February_2012.js
int1dl	int1dl	intestine	digestive	1	2176	https://github.com/openworm/wormbrowser/blob/937839d19f505d0dff9aebb1e3bc69f7855942a8/org.openworm.wormbrowser/war/models/Virtual_Worm/Virtual_Worm_February_2012.js
int9l	int9l	intestine	digestive	1	3008	https://github.com/openworm/wormbrowser/blob/937839d19f505d0dff9aebb1e3bc69f7855942a8/org.openworm.wormbrowser/war/models/Virtual_Worm/Virtual_Worm_February_2012.js
int8l	int8l	intestine	digestive	1	1856	https://github.com/openworm/wormbrowser/blob/937839d19f505d0dff9aebb1e3bc69f7855942a8/org.openworm.wormbrowser/war/models/Virtual_Worm/Virtual_Worm_February_2012.js
int7l	int7l	intestine	digestive	1	1856	https://github.com/openworm/wormbrowser/blob/937839d19f505d0dff9aebb1e3bc69f7855942a8/org.openworm.wormbrowser/war/models/Virtual_Worm/Virtual_Worm_February_2012.js
int6l	int6l	intestine	digestive	1	2624	https://github.com/openworm/wormbrowser/blob/937839d19f505d0dff9aebb1e3bc69f7855942a8/org.openworm.wormbrowser/war/models/Virtual_Worm/Virtual_Worm_February_2012.js
int5l	int5l	intestine	digestive	1	2240	https://github.com/openworm/wormbrowser/blob/937839d19f505d0dff9aebb1e3bc69f7855942a8/org.openworm.wormbrowser/war/models/Virtual_Worm/Virtual_Worm_February_2012.js
int4v	int4v	intestine	digestive	1	2624	https://github.com/openworm/wormbrowser/blob/937839d19f505d0dff9aebb1e3bc69f7855942a8/org.openworm.wormbrowser/war/models/Virtual_Worm/Virtual_Worm_February_2012.js
int3v	int3v	intestine	digestive	1	2064	https://github.com/openworm/wormbrowser/blob/937839d19f505d0dff9aebb1e3bc69f7855942a8/org.openworm.wormbrowser/war/models/Virtual_Worm/Virtual_Worm_February_2012.js
int2d	int2d	intestine	digestive	1	2240	https://github.com/openworm/wormbrowser/blob/937839d19f505d0dff9aebb1e3bc69f7855942a8/org.openworm.wormbrowser/war/models/Virtual_Worm/Virtual_Worm_February_2012.js
int1vr	int1vr	intestine	digestive	1	2192	https://github.com/openworm/wormbrowser/blob/937839d19f505d0dff9aebb1e3bc69f7855942a8/org.openworm.wormbrowser/war/models/Virtual_Worm/Virtual_Worm_February_2012.js
int1vl	int1vl	intestine	digestive	1	2176	https://github.com/openworm/wormbrowser/blob/937839d19f505d0dff9aebb1e3bc69f7855942a8/org.openworm.wormbrowser/war/models/Virtual_Worm/Virtual_Worm_February_2012.js
int4d	int4d	intestine	digestive	1	2624	https://github.com/openworm/wormbrowser/blob/937839d19f505d0dff9aebb1e3bc69f7855942a8/org.openworm.wormbrowser/war/models/Virtual_Worm/Virtual_Worm_February_2012.js
int6r	int6r	intestine	digestive	1	2624	https://github.com/openworm/wormbrowser/blob/937839d19f505d0dff9aebb1e3bc69f7855942a8/org.openworm.wormbrowser/war/models/Virtual_Worm/Virtual_Worm_February_2012.js
int5r	int5r	intestine	digestive	1	2240	https://github.com/openworm/wormbrowser/blob/937839d19f505d0dff9aebb1e3bc69f7855942a8/org.openworm.wormbrowser/war/models/Virtual_Worm/Virtual_Worm_February_2012.js
int9r	int9r	intestine	digestive	1	3008	https://github.com/openworm/wormbrowser/blob/937839d19f505d0dff9aebb1e3bc69f7855942a8/org.openworm.wormbrowser/war/models/Virtual_Worm/Virtual_Worm_February_2012.js
int8r	int8r	intestine	digestive	1	1856	https://github.com/openworm/wormbrowser/blob/937839d19f505d0dff9aebb1e3bc69f7855942a8/org.openworm.wormbrowser/war/models/Virtual_Worm/Virtual_Worm_February_2012.js
int2v	int2v	intestine	digestive	1	1856	https://github.com/openworm/wormbrowser/blob/937839d19f505d0dff9aebb1e3bc69f7855942a8/org.openworm.wormbrowser/war/models/Virtual_Worm/Virtual_Worm_February_2012.js
int1dr	int1dr	intestine	digestive	1	2176	https://github.com/openworm/wormbrowser/blob/937839d19f505d0dff9aebb1e3bc69f7855942a8/org.openworm.wormbrowser/war/models/Virtual_Worm/Virtual_Worm_February_2012.js
int7r	int7r	intestine	digestive	1	1856	https://github.com/openworm/wormbrowser/blob/937839d19f505d0dff9aebb1e3bc69f7855942a8/org.openworm.wormbrowser/war/models/Virtual_Worm/Virtual_Worm_February_2012.js
int3d	int3d	intestine	digestive	1	2240	https://github.com/openworm/wormbrowser/blob/937839d19f505d0dff9aebb1e3bc69f7855942a8/org.openworm.wormbrowser/war/models/Virtual_Worm/Virtual_Worm_February_2012.js
mc3dr	mc3dr	marginal_cells	digestive	1	6992	https://github.com/openworm/wormbrowser/blob/937839d19f505d0dff9aebb1e3bc69f7855942a8/org.openworm.wormbrowser/war/models/Virtual_Worm/Virtual_Worm_February_2012.js
mc2v	mc2v	marginal_cells	digestive	1	6368	https://github.com/openworm/wormbrowser/blob/937839d19f505d0dff9aebb1e3bc69f7855942a8/org.openworm.wormbrowser/war/models/Virtual_Worm/Virtual_Worm_February_2012.js
mc2dr	mc2dr	marginal_cells	digestive	1	6336	https://github.com/openworm/wormbrowser/blob/937839d19f505d0dff9aebb1e3bc69f7855942a8/org.openworm.wormbrowser/war/models/Virtual_Worm/Virtual_Worm_February_2012.js
mc1v	mc1v	marginal_cells	digestive	1	9024	https://github.com/openworm/wormbrowser/blob/937839d19f505d0dff9aebb1e3bc69f7855942a8/org.openworm.wormbrowser/war/models/Virtual_Worm/Virtual_Worm_February_2012.js
mc1dr	mc1dr	marginal_cells	digestive	1	9312	https://github.com/openworm/wormbrowser/blob/937839d19f505d0dff9aebb1e3bc69f7855942a8/org.openworm.wormbrowser/war/models/Virtual_Worm/Virtual_Worm_February_2012.js
mc3v	mc3v	marginal_cells	digestive	1	6176	https://github.com/openworm/wormbrowser/blob/937839d19f505d0dff9aebb1e3bc69f7855942a8/org.openworm.wormbrowser/war/models/Virtual_Worm/Virtual_Worm_February_2012.js
mc3dl	mc3dl	marginal_cells	digestive	1	1748	https://github.com/openworm/wormbrowser/blob/937839d19f505d0dff9aebb1e3bc69f7855942a8/org.openworm.wormbrowser/war/models/Virtual_Worm/Virtual_Worm_February_2012.js
mc2dl	mc2dl	marginal_cells	digestive	1	6336	https://github.com/openworm/wormbrowser/blob/937839d19f505d0dff9aebb1e3bc69f7855942a8/org.openworm.wormbrowser/war/models/Virtual_Worm/Virtual_Worm_February_2012.js
mc1dl	mc1dl	marginal_cells	digestive	1	9312	https://github.com/openworm/wormbrowser/blob/937839d19f505d0dff9aebb1e3bc69f7855942a8/org.openworm.wormbrowser/war/models/Virtual_Worm/Virtual_Worm_February_2012.js
va11	VA11	motor_neuron	nervous	1	1472	https://github.com/openworm/wormbrowser/blob/937839d19f505d0dff9aebb1e3bc69f7855942a8/org.openworm.wormbrowser/war/models/Virtual_Worm/Virtual_Worm_February_2012.js
hsnr	HSNR	motor_neuron	nervous	1	5952	https://github.com/openworm/wormbrowser/blob/937839d19f505d0dff9aebb1e3bc69f7855942a8/org.openworm.wormbrowser/war/models/Virtual_Worm/Virtual_Worm_February_2012.js
dd6	DD6	motor_neuron	nervous	1	5056	https://github.com/openworm/wormbrowser/blob/937839d19f505d0dff9aebb1e3bc69f7855942a8/org.openworm.wormbrowser/war/models/Virtual_Worm/Virtual_Worm_February_2012.js
dd4	DD4	motor_neuron	nervous	1	6336	https://github.com/openworm/wormbrowser/blob/937839d19f505d0dff9aebb1e3bc69f7855942a8/org.openworm.wormbrowser/war/models/Virtual_Worm/Virtual_Worm_February_2012.js
dd3	DD3	motor_neuron	nervous	1	5056	https://github.com/openworm/wormbrowser/blob/937839d19f505d0dff9aebb1e3bc69f7855942a8/org.openworm.wormbrowser/war/models/Virtual_Worm/Virtual_Worm_February_2012.js
dd5	DD5	motor_neuron	nervous	1	4672	https://github.com/openworm/wormbrowser/blob/937839d19f505d0dff9aebb1e3bc69f7855942a8/org.openworm.wormbrowser/war/models/Virtual_Worm/Virtual_Worm_February_2012.js
dd2	DD2	motor_neuron	nervous	1	4032	https://github.com/openworm/wormbrowser/blob/937839d19f505d0dff9aebb1e3bc69f7855942a8/org.openworm.wormbrowser/war/models/Virtual_Worm/Virtual_Worm_February_2012.js
db7	DB7	motor_neuron	nervous	1	4160	https://github.com/openworm/wormbrowser/blob/937839d19f505d0dff9aebb1e3bc69f7855942a8/org.openworm.wormbrowser/war/models/Virtual_Worm/Virtual_Worm_February_2012.js
db6	DB6	motor_neuron	nervous	1	4672	https://github.com/openworm/wormbrowser/blob/937839d19f505d0dff9aebb1e3bc69f7855942a8/org.openworm.wormbrowser/war/models/Virtual_Worm/Virtual_Worm_February_2012.js
da9	DA9	motor_neuron	nervous	1	4032	https://github.com/openworm/wormbrowser/blob/937839d19f505d0dff9aebb1e3bc69f7855942a8/org.openworm.wormbrowser/war/models/Virtual_Worm/Virtual_Worm_February_2012.js
da7	DA7	motor_neuron	nervous	1	5824	https://github.com/openworm/wormbrowser/blob/937839d19f505d0dff9aebb1e3bc69f7855942a8/org.openworm.wormbrowser/war/models/Virtual_Worm/Virtual_Worm_February_2012.js
da6	DA6	motor_neuron	nervous	1	7360	https://github.com/openworm/wormbrowser/blob/937839d19f505d0dff9aebb1e3bc69f7855942a8/org.openworm.wormbrowser/war/models/Virtual_Worm/Virtual_Worm_February_2012.js
da5	DA5	motor_neuron	nervous	1	5888	https://github.com/openworm/wormbrowser/blob/937839d19f505d0dff9aebb1e3bc69f7855942a8/org.openworm.wormbrowser/war/models/Virtual_Worm/Virtual_Worm_February_2012.js
as11	AS11	motor_neuron	nervous	1	3136	https://github.com/openworm/wormbrowser/blob/937839d19f505d0dff9aebb1e3bc69f7855942a8/org.openworm.wormbrowser/war/models/Virtual_Worm/Virtual_Worm_February_2012.js
as10	AS10	motor_neuron	nervous	1	2976	https://github.com/openworm/wormbrowser/blob/937839d19f505d0dff9aebb1e3bc69f7855942a8/org.openworm.wormbrowser/war/models/Virtual_Worm/Virtual_Worm_February_2012.js
as9	AS9	motor_neuron	nervous	1	3136	https://github.com/openworm/wormbrowser/blob/937839d19f505d0dff9aebb1e3bc69f7855942a8/org.openworm.wormbrowser/war/models/Virtual_Worm/Virtual_Worm_February_2012.js
as8	AS8	motor_neuron	nervous	1	3616	https://github.com/openworm/wormbrowser/blob/937839d19f505d0dff9aebb1e3bc69f7855942a8/org.openworm.wormbrowser/war/models/Virtual_Worm/Virtual_Worm_February_2012.js
as7	AS7	motor_neuron	nervous	1	3392	https://github.com/openworm/wormbrowser/blob/937839d19f505d0dff9aebb1e3bc69f7855942a8/org.openworm.wormbrowser/war/models/Virtual_Worm/Virtual_Worm_February_2012.js
as6	AS6	motor_neuron	nervous	1	3008	https://github.com/openworm/wormbrowser/blob/937839d19f505d0dff9aebb1e3bc69f7855942a8/org.openworm.wormbrowser/war/models/Virtual_Worm/Virtual_Worm_February_2012.js
as5	AS5	motor_neuron	nervous	1	3264	https://github.com/openworm/wormbrowser/blob/937839d19f505d0dff9aebb1e3bc69f7855942a8/org.openworm.wormbrowser/war/models/Virtual_Worm/Virtual_Worm_February_2012.js
as4	AS4	motor_neuron	nervous	1	3136	https://github.com/openworm/wormbrowser/blob/937839d19f505d0dff9aebb1e3bc69f7855942a8/org.openworm.wormbrowser/war/models/Virtual_Worm/Virtual_Worm_February_2012.js
as3	AS3	motor_neuron	nervous	1	2752	https://github.com/openworm/wormbrowser/blob/937839d19f505d0dff9aebb1e3bc69f7855942a8/org.openworm.wormbrowser/war/models/Virtual_Worm/Virtual_Worm_February_2012.js
as2	AS2	motor_neuron	nervous	1	2880	https://github.com/openworm/wormbrowser/blob/937839d19f505d0dff9aebb1e3bc69f7855942a8/org.openworm.wormbrowser/war/models/Virtual_Worm/Virtual_Worm_February_2012.js
vd13	VD13	motor_neuron	nervous	1	3520	https://github.com/openworm/wormbrowser/blob/937839d19f505d0dff9aebb1e3bc69f7855942a8/org.openworm.wormbrowser/war/models/Virtual_Worm/Virtual_Worm_February_2012.js
vd12	VD12	motor_neuron	nervous	1	3648	https://github.com/openworm/wormbrowser/blob/937839d19f505d0dff9aebb1e3bc69f7855942a8/org.openworm.wormbrowser/war/models/Virtual_Worm/Virtual_Worm_February_2012.js
vd11	VD11	motor_neuron	nervous	1	3648	https://github.com/openworm/wormbrowser/blob/937839d19f505d0dff9aebb1e3bc69f7855942a8/org.openworm.wormbrowser/war/models/Virtual_Worm/Virtual_Worm_February_2012.js
vd10	VD10	motor_neuron	nervous	1	3648	https://github.com/openworm/wormbrowser/blob/937839d19f505d0dff9aebb1e3bc69f7855942a8/org.openworm.wormbrowser/war/models/Virtual_Worm/Virtual_Worm_February_2012.js
vd9	VD9	motor_neuron	nervous	2	3520	https://github.com/openworm/wormbrowser/blob/937839d19f505d0dff9aebb1e3bc69f7855942a8/org.openworm.wormbrowser/war/models/Virtual_Worm/Virtual_Worm_February_2012.js
vd8	VD8	motor_neuron	nervous	1	4544	https://github.com/openworm/wormbrowser/blob/937839d19f505d0dff9aebb1e3bc69f7855942a8/org.openworm.wormbrowser/war/models/Virtual_Worm/Virtual_Worm_February_2012.js
vd7	VD7	motor_neuron	nervous	1	4160	https://github.com/openworm/wormbrowser/blob/937839d19f505d0dff9aebb1e3bc69f7855942a8/org.openworm.wormbrowser/war/models/Virtual_Worm/Virtual_Worm_February_2012.js
vd6	VD6	motor_neuron	nervous	1	3648	https://github.com/openworm/wormbrowser/blob/937839d19f505d0dff9aebb1e3bc69f7855942a8/org.openworm.wormbrowser/war/models/Virtual_Worm/Virtual_Worm_February_2012.js
vd5	VD5	motor_neuron	nervous	1	3648	https://github.com/openworm/wormbrowser/blob/937839d19f505d0dff9aebb1e3bc69f7855942a8/org.openworm.wormbrowser/war/models/Virtual_Worm/Virtual_Worm_February_2012.js
vd4	VD4	motor_neuron	nervous	1	3648	https://github.com/openworm/wormbrowser/blob/937839d19f505d0dff9aebb1e3bc69f7855942a8/org.openworm.wormbrowser/war/models/Virtual_Worm/Virtual_Worm_February_2012.js
vd3	VD3	motor_neuron	nervous	1	3264	https://github.com/openworm/wormbrowser/blob/937839d19f505d0dff9aebb1e3bc69f7855942a8/org.openworm.wormbrowser/war/models/Virtual_Worm/Virtual_Worm_February_2012.js
db5	DB5	motor_neuron	nervous	1	6720	https://github.com/openworm/wormbrowser/blob/937839d19f505d0dff9aebb1e3bc69f7855942a8/org.openworm.wormbrowser/war/models/Virtual_Worm/Virtual_Worm_February_2012.js
db4	DB4	motor_neuron	nervous	1	7744	https://github.com/openworm/wormbrowser/blob/937839d19f505d0dff9aebb1e3bc69f7855942a8/org.openworm.wormbrowser/war/models/Virtual_Worm/Virtual_Worm_February_2012.js
da8	DA8	motor_neuron	nervous	1	4032	https://github.com/openworm/wormbrowser/blob/937839d19f505d0dff9aebb1e3bc69f7855942a8/org.openworm.wormbrowser/war/models/Virtual_Worm/Virtual_Worm_February_2012.js
da4	DA4	motor_neuron	nervous	1	4800	https://github.com/openworm/wormbrowser/blob/937839d19f505d0dff9aebb1e3bc69f7855942a8/org.openworm.wormbrowser/war/models/Virtual_Worm/Virtual_Worm_February_2012.js
da3	DA3	motor_neuron	nervous	1	3904	https://github.com/openworm/wormbrowser/blob/937839d19f505d0dff9aebb1e3bc69f7855942a8/org.openworm.wormbrowser/war/models/Virtual_Worm/Virtual_Worm_February_2012.js
da2	DA2	motor_neuron	nervous	1	3776	https://github.com/openworm/wormbrowser/blob/937839d19f505d0dff9aebb1e3bc69f7855942a8/org.openworm.wormbrowser/war/models/Virtual_Worm/Virtual_Worm_February_2012.js
vc5	VC5	motor_neuron	nervous	1	3776	https://github.com/openworm/wormbrowser/blob/937839d19f505d0dff9aebb1e3bc69f7855942a8/org.openworm.wormbrowser/war/models/Virtual_Worm/Virtual_Worm_February_2012.js
uravr	URAVR	motor_neuron	nervous	1	2624	https://github.com/openworm/wormbrowser/blob/937839d19f505d0dff9aebb1e3bc69f7855942a8/org.openworm.wormbrowser/war/models/Virtual_Worm/Virtual_Worm_February_2012.js
m5	M5	motor_neuron	nervous	1	6208	https://github.com/openworm/wormbrowser/blob/937839d19f505d0dff9aebb1e3bc69f7855942a8/org.openworm.wormbrowser/war/models/Virtual_Worm/Virtual_Worm_February_2012.js
m3r	M3R	motor_neuron	nervous	1	3776	https://github.com/openworm/wormbrowser/blob/937839d19f505d0dff9aebb1e3bc69f7855942a8/org.openworm.wormbrowser/war/models/Virtual_Worm/Virtual_Worm_February_2012.js
m2r	M2R	motor_neuron	nervous	1	2112	https://github.com/openworm/wormbrowser/blob/937839d19f505d0dff9aebb1e3bc69f7855942a8/org.openworm.wormbrowser/war/models/Virtual_Worm/Virtual_Worm_February_2012.js
m1	M1	motor_neuron	nervous	1	3136	https://github.com/openworm/wormbrowser/blob/937839d19f505d0dff9aebb1e3bc69f7855942a8/org.openworm.wormbrowser/war/models/Virtual_Worm/Virtual_Worm_February_2012.js
dvb	DVB	motor_neuron	nervous	1	2880	https://github.com/openworm/wormbrowser/blob/937839d19f505d0dff9aebb1e3bc69f7855942a8/org.openworm.wormbrowser/war/models/Virtual_Worm/Virtual_Worm_February_2012.js
va12	VA12	motor_neuron	nervous	1	1088	https://github.com/openworm/wormbrowser/blob/937839d19f505d0dff9aebb1e3bc69f7855942a8/org.openworm.wormbrowser/war/models/Virtual_Worm/Virtual_Worm_February_2012.js
pda	PDA	motor_neuron	nervous	1	3520	https://github.com/openworm/wormbrowser/blob/937839d19f505d0dff9aebb1e3bc69f7855942a8/org.openworm.wormbrowser/war/models/Virtual_Worm/Virtual_Worm_February_2012.js
pdb	PDB	motor_neuron	nervous	1	4416	https://github.com/openworm/wormbrowser/blob/937839d19f505d0dff9aebb1e3bc69f7855942a8/org.openworm.wormbrowser/war/models/Virtual_Worm/Virtual_Worm_February_2012.js
vb11	VB11	motor_neuron	nervous	1	2112	https://github.com/openworm/wormbrowser/blob/937839d19f505d0dff9aebb1e3bc69f7855942a8/org.openworm.wormbrowser/war/models/Virtual_Worm/Virtual_Worm_February_2012.js
va10	VA10	motor_neuron	nervous	1	1984	https://github.com/openworm/wormbrowser/blob/937839d19f505d0dff9aebb1e3bc69f7855942a8/org.openworm.wormbrowser/war/models/Virtual_Worm/Virtual_Worm_February_2012.js
vb10	VB10	motor_neuron	nervous	1	2496	https://github.com/openworm/wormbrowser/blob/937839d19f505d0dff9aebb1e3bc69f7855942a8/org.openworm.wormbrowser/war/models/Virtual_Worm/Virtual_Worm_February_2012.js
va9	VA9	motor_neuron	nervous	1	3136	https://github.com/openworm/wormbrowser/blob/937839d19f505d0dff9aebb1e3bc69f7855942a8/org.openworm.wormbrowser/war/models/Virtual_Worm/Virtual_Worm_February_2012.js
vc6	VC6	motor_neuron	nervous	1	1728	https://github.com/openworm/wormbrowser/blob/937839d19f505d0dff9aebb1e3bc69f7855942a8/org.openworm.wormbrowser/war/models/Virtual_Worm/Virtual_Worm_February_2012.js
vb9	VB9	motor_neuron	nervous	1	2368	https://github.com/openworm/wormbrowser/blob/937839d19f505d0dff9aebb1e3bc69f7855942a8/org.openworm.wormbrowser/war/models/Virtual_Worm/Virtual_Worm_February_2012.js
va8	VA8	motor_neuron	nervous	1	3392	https://github.com/openworm/wormbrowser/blob/937839d19f505d0dff9aebb1e3bc69f7855942a8/org.openworm.wormbrowser/war/models/Virtual_Worm/Virtual_Worm_February_2012.js
vb8	VB8	motor_neuron	nervous	2	3264	https://github.com/openworm/wormbrowser/blob/937839d19f505d0dff9aebb1e3bc69f7855942a8/org.openworm.wormbrowser/war/models/Virtual_Worm/Virtual_Worm_February_2012.js
va7	VA7	motor_neuron	nervous	1	3520	https://github.com/openworm/wormbrowser/blob/937839d19f505d0dff9aebb1e3bc69f7855942a8/org.openworm.wormbrowser/war/models/Virtual_Worm/Virtual_Worm_February_2012.js
vb7	VB7	motor_neuron	nervous	1	3264	https://github.com/openworm/wormbrowser/blob/937839d19f505d0dff9aebb1e3bc69f7855942a8/org.openworm.wormbrowser/war/models/Virtual_Worm/Virtual_Worm_February_2012.js
va6	VA6	motor_neuron	nervous	1	3392	https://github.com/openworm/wormbrowser/blob/937839d19f505d0dff9aebb1e3bc69f7855942a8/org.openworm.wormbrowser/war/models/Virtual_Worm/Virtual_Worm_February_2012.js
vc3	VC3	motor_neuron	nervous	1	7768	https://github.com/openworm/wormbrowser/blob/937839d19f505d0dff9aebb1e3bc69f7855942a8/org.openworm.wormbrowser/war/models/Virtual_Worm/Virtual_Worm_February_2012.js
vb6	VB6	motor_neuron	nervous	1	3648	https://github.com/openworm/wormbrowser/blob/937839d19f505d0dff9aebb1e3bc69f7855942a8/org.openworm.wormbrowser/war/models/Virtual_Worm/Virtual_Worm_February_2012.js
va5	VA5	motor_neuron	nervous	1	2240	https://github.com/openworm/wormbrowser/blob/937839d19f505d0dff9aebb1e3bc69f7855942a8/org.openworm.wormbrowser/war/models/Virtual_Worm/Virtual_Worm_February_2012.js
vc2	VC2	motor_neuron	nervous	1	3520	https://github.com/openworm/wormbrowser/blob/937839d19f505d0dff9aebb1e3bc69f7855942a8/org.openworm.wormbrowser/war/models/Virtual_Worm/Virtual_Worm_February_2012.js
vb5	VB5	motor_neuron	nervous	1	3776	https://github.com/openworm/wormbrowser/blob/937839d19f505d0dff9aebb1e3bc69f7855942a8/org.openworm.wormbrowser/war/models/Virtual_Worm/Virtual_Worm_February_2012.js
va4	VA4	motor_neuron	nervous	1	2368	https://github.com/openworm/wormbrowser/blob/937839d19f505d0dff9aebb1e3bc69f7855942a8/org.openworm.wormbrowser/war/models/Virtual_Worm/Virtual_Worm_February_2012.js
vc1	VC1	motor_neuron	nervous	1	3776	https://github.com/openworm/wormbrowser/blob/937839d19f505d0dff9aebb1e3bc69f7855942a8/org.openworm.wormbrowser/war/models/Virtual_Worm/Virtual_Worm_February_2012.js
vb4	VB4	motor_neuron	nervous	1	3776	https://github.com/openworm/wormbrowser/blob/937839d19f505d0dff9aebb1e3bc69f7855942a8/org.openworm.wormbrowser/war/models/Virtual_Worm/Virtual_Worm_February_2012.js
va3	VA3	motor_neuron	nervous	1	2240	https://github.com/openworm/wormbrowser/blob/937839d19f505d0dff9aebb1e3bc69f7855942a8/org.openworm.wormbrowser/war/models/Virtual_Worm/Virtual_Worm_February_2012.js
db3	DB3	motor_neuron	nervous	1	6592	https://github.com/openworm/wormbrowser/blob/937839d19f505d0dff9aebb1e3bc69f7855942a8/org.openworm.wormbrowser/war/models/Virtual_Worm/Virtual_Worm_February_2012.js
vb3	VB3	motor_neuron	nervous	1	3520	https://github.com/openworm/wormbrowser/blob/937839d19f505d0dff9aebb1e3bc69f7855942a8/org.openworm.wormbrowser/war/models/Virtual_Worm/Virtual_Worm_February_2012.js
va2	VA2	motor_neuron	nervous	1	1856	https://github.com/openworm/wormbrowser/blob/937839d19f505d0dff9aebb1e3bc69f7855942a8/org.openworm.wormbrowser/war/models/Virtual_Worm/Virtual_Worm_February_2012.js
hsnl	HSNL	motor_neuron	nervous	1	5952	https://github.com/openworm/wormbrowser/blob/937839d19f505d0dff9aebb1e3bc69f7855942a8/org.openworm.wormbrowser/war/models/Virtual_Worm/Virtual_Worm_February_2012.js
vc4	VC4	motor_neuron	nervous	1	3776	https://github.com/openworm/wormbrowser/blob/937839d19f505d0dff9aebb1e3bc69f7855942a8/org.openworm.wormbrowser/war/models/Virtual_Worm/Virtual_Worm_February_2012.js
m4	M4	motor_neuron	nervous	1	6720	https://github.com/openworm/wormbrowser/blob/937839d19f505d0dff9aebb1e3bc69f7855942a8/org.openworm.wormbrowser/war/models/Virtual_Worm/Virtual_Worm_February_2012.js
m2l	M2L	motor_neuron	nervous	1	2112	https://github.com/openworm/wormbrowser/blob/937839d19f505d0dff9aebb1e3bc69f7855942a8/org.openworm.wormbrowser/war/models/Virtual_Worm/Virtual_Worm_February_2012.js
m3l	M3L	motor_neuron	nervous	1	3776	https://github.com/openworm/wormbrowser/blob/937839d19f505d0dff9aebb1e3bc69f7855942a8/org.openworm.wormbrowser/war/models/Virtual_Worm/Virtual_Worm_February_2012.js
smbvr	SMBVR	motor_neuron	nervous	1	7360	https://github.com/openworm/wormbrowser/blob/937839d19f505d0dff9aebb1e3bc69f7855942a8/org.openworm.wormbrowser/war/models/Virtual_Worm/Virtual_Worm_February_2012.js
rmfr	RMFR	motor_neuron	nervous	1	3520	https://github.com/openworm/wormbrowser/blob/937839d19f505d0dff9aebb1e3bc69f7855942a8/org.openworm.wormbrowser/war/models/Virtual_Worm/Virtual_Worm_February_2012.js
rmgr	RMGR	motor_neuron	nervous	1	2496	https://github.com/openworm/wormbrowser/blob/937839d19f505d0dff9aebb1e3bc69f7855942a8/org.openworm.wormbrowser/war/models/Virtual_Worm/Virtual_Worm_February_2012.js
uradr	URADR	motor_neuron	nervous	1	2880	https://github.com/openworm/wormbrowser/blob/937839d19f505d0dff9aebb1e3bc69f7855942a8/org.openworm.wormbrowser/war/models/Virtual_Worm/Virtual_Worm_February_2012.js
rmer	RMER	motor_neuron	nervous	1	2336	https://github.com/openworm/wormbrowser/blob/937839d19f505d0dff9aebb1e3bc69f7855942a8/org.openworm.wormbrowser/war/models/Virtual_Worm/Virtual_Worm_February_2012.js
rmhr	RMHR	motor_neuron	nervous	1	3520	https://github.com/openworm/wormbrowser/blob/937839d19f505d0dff9aebb1e3bc69f7855942a8/org.openworm.wormbrowser/war/models/Virtual_Worm/Virtual_Worm_February_2012.js
smbdr	SMBDR	motor_neuron	nervous	1	5952	https://github.com/openworm/wormbrowser/blob/937839d19f505d0dff9aebb1e3bc69f7855942a8/org.openworm.wormbrowser/war/models/Virtual_Worm/Virtual_Worm_February_2012.js
smddr	SMDDR	motor_neuron	nervous	2	6080	https://github.com/openworm/wormbrowser/blob/937839d19f505d0dff9aebb1e3bc69f7855942a8/org.openworm.wormbrowser/war/models/Virtual_Worm/Virtual_Worm_February_2012.js
rmddr	RMDDR	motor_neuron	nervous	1	1984	https://github.com/openworm/wormbrowser/blob/937839d19f505d0dff9aebb1e3bc69f7855942a8/org.openworm.wormbrowser/war/models/Virtual_Worm/Virtual_Worm_February_2012.js
rmdr	RMDR	motor_neuron	nervous	1	2240	https://github.com/openworm/wormbrowser/blob/937839d19f505d0dff9aebb1e3bc69f7855942a8/org.openworm.wormbrowser/war/models/Virtual_Worm/Virtual_Worm_February_2012.js
rmdvr	RMDVR	motor_neuron	nervous	1	2240	https://github.com/openworm/wormbrowser/blob/937839d19f505d0dff9aebb1e3bc69f7855942a8/org.openworm.wormbrowser/war/models/Virtual_Worm/Virtual_Worm_February_2012.js
smdvr	SMDVR	motor_neuron	nervous	1	6592	https://github.com/openworm/wormbrowser/blob/937839d19f505d0dff9aebb1e3bc69f7855942a8/org.openworm.wormbrowser/war/models/Virtual_Worm/Virtual_Worm_February_2012.js
rimr	RIMR	motor_neuron	nervous	1	4672	https://github.com/openworm/wormbrowser/blob/937839d19f505d0dff9aebb1e3bc69f7855942a8/org.openworm.wormbrowser/war/models/Virtual_Worm/Virtual_Worm_February_2012.js
rmed	RMED	motor_neuron	nervous	1	3968	https://github.com/openworm/wormbrowser/blob/937839d19f505d0dff9aebb1e3bc69f7855942a8/org.openworm.wormbrowser/war/models/Virtual_Worm/Virtual_Worm_February_2012.js
rmel	RMEL	motor_neuron	nervous	1	2336	https://github.com/openworm/wormbrowser/blob/937839d19f505d0dff9aebb1e3bc69f7855942a8/org.openworm.wormbrowser/war/models/Virtual_Worm/Virtual_Worm_February_2012.js
rmev	RMEV	motor_neuron	nervous	1	8384	https://github.com/openworm/wormbrowser/blob/937839d19f505d0dff9aebb1e3bc69f7855942a8/org.openworm.wormbrowser/war/models/Virtual_Worm/Virtual_Worm_February_2012.js
smdvl	SMDVL	motor_neuron	nervous	1	6592	https://github.com/openworm/wormbrowser/blob/937839d19f505d0dff9aebb1e3bc69f7855942a8/org.openworm.wormbrowser/war/models/Virtual_Worm/Virtual_Worm_February_2012.js
rmdvl	RMDVL	motor_neuron	nervous	1	2240	https://github.com/openworm/wormbrowser/blob/937839d19f505d0dff9aebb1e3bc69f7855942a8/org.openworm.wormbrowser/war/models/Virtual_Worm/Virtual_Worm_February_2012.js
rmdl	RMDL	motor_neuron	nervous	1	2240	https://github.com/openworm/wormbrowser/blob/937839d19f505d0dff9aebb1e3bc69f7855942a8/org.openworm.wormbrowser/war/models/Virtual_Worm/Virtual_Worm_February_2012.js
riml	RIML	motor_neuron	nervous	1	4672	https://github.com/openworm/wormbrowser/blob/937839d19f505d0dff9aebb1e3bc69f7855942a8/org.openworm.wormbrowser/war/models/Virtual_Worm/Virtual_Worm_February_2012.js
vd2	VD2	motor_neuron	nervous	1	3136	https://github.com/openworm/wormbrowser/blob/937839d19f505d0dff9aebb1e3bc69f7855942a8/org.openworm.wormbrowser/war/models/Virtual_Worm/Virtual_Worm_February_2012.js
da1	DA1	motor_neuron	nervous	1	3392	https://github.com/openworm/wormbrowser/blob/937839d19f505d0dff9aebb1e3bc69f7855942a8/org.openworm.wormbrowser/war/models/Virtual_Worm/Virtual_Worm_February_2012.js
vd1	VD1	motor_neuron	nervous	1	4160	https://github.com/openworm/wormbrowser/blob/937839d19f505d0dff9aebb1e3bc69f7855942a8/org.openworm.wormbrowser/war/models/Virtual_Worm/Virtual_Worm_February_2012.js
as1	AS1	motor_neuron	nervous	1	2752	https://github.com/openworm/wormbrowser/blob/937839d19f505d0dff9aebb1e3bc69f7855942a8/org.openworm.wormbrowser/war/models/Virtual_Worm/Virtual_Worm_February_2012.js
db1	DB1	motor_neuron	nervous	1	8128	https://github.com/openworm/wormbrowser/blob/937839d19f505d0dff9aebb1e3bc69f7855942a8/org.openworm.wormbrowser/war/models/Virtual_Worm/Virtual_Worm_February_2012.js
dd1	DD1	motor_neuron	nervous	1	3776	https://github.com/openworm/wormbrowser/blob/937839d19f505d0dff9aebb1e3bc69f7855942a8/org.openworm.wormbrowser/war/models/Virtual_Worm/Virtual_Worm_February_2012.js
va1	VA1	motor_neuron	nervous	1	2496	https://github.com/openworm/wormbrowser/blob/937839d19f505d0dff9aebb1e3bc69f7855942a8/org.openworm.wormbrowser/war/models/Virtual_Worm/Virtual_Worm_February_2012.js
db2	DB2	motor_neuron	nervous	1	6976	https://github.com/openworm/wormbrowser/blob/937839d19f505d0dff9aebb1e3bc69f7855942a8/org.openworm.wormbrowser/war/models/Virtual_Worm/Virtual_Worm_February_2012.js
vb1	VB1	motor_neuron	nervous	1	4288	https://github.com/openworm/wormbrowser/blob/937839d19f505d0dff9aebb1e3bc69f7855942a8/org.openworm.wormbrowser/war/models/Virtual_Worm/Virtual_Worm_February_2012.js
vb2	VB2	motor_neuron	nervous	1	3904	https://github.com/openworm/wormbrowser/blob/937839d19f505d0dff9aebb1e3bc69f7855942a8/org.openworm.wormbrowser/war/models/Virtual_Worm/Virtual_Worm_February_2012.js
rmfl	RMFL	motor_neuron	nervous	1	3520	https://github.com/openworm/wormbrowser/blob/937839d19f505d0dff9aebb1e3bc69f7855942a8/org.openworm.wormbrowser/war/models/Virtual_Worm/Virtual_Worm_February_2012.js
smbdl	SMBDL	motor_neuron	nervous	1	5952	https://github.com/openworm/wormbrowser/blob/937839d19f505d0dff9aebb1e3bc69f7855942a8/org.openworm.wormbrowser/war/models/Virtual_Worm/Virtual_Worm_February_2012.js
smddl	SMDDL	motor_neuron	nervous	1	6080	https://github.com/openworm/wormbrowser/blob/937839d19f505d0dff9aebb1e3bc69f7855942a8/org.openworm.wormbrowser/war/models/Virtual_Worm/Virtual_Worm_February_2012.js
rmhl	RMHL	motor_neuron	nervous	2	3520	https://github.com/openworm/wormbrowser/blob/937839d19f505d0dff9aebb1e3bc69f7855942a8/org.openworm.wormbrowser/war/models/Virtual_Worm/Virtual_Worm_February_2012.js
rmddl	RMDDL	motor_neuron	nervous	1	1984	https://github.com/openworm/wormbrowser/blob/937839d19f505d0dff9aebb1e3bc69f7855942a8/org.openworm.wormbrowser/war/models/Virtual_Worm/Virtual_Worm_February_2012.js
rmgl	RMGL	motor_neuron	nervous	1	2496	https://github.com/openworm/wormbrowser/blob/937839d19f505d0dff9aebb1e3bc69f7855942a8/org.openworm.wormbrowser/war/models/Virtual_Worm/Virtual_Worm_February_2012.js
uravl	URAVL	motor_neuron	nervous	1	2624	https://github.com/openworm/wormbrowser/blob/937839d19f505d0dff9aebb1e3bc69f7855942a8/org.openworm.wormbrowser/war/models/Virtual_Worm/Virtual_Worm_February_2012.js
uradl	URADL	motor_neuron	nervous	1	2880	https://github.com/openworm/wormbrowser/blob/937839d19f505d0dff9aebb1e3bc69f7855942a8/org.openworm.wormbrowser/war/models/Virtual_Worm/Virtual_Worm_February_2012.js
smbvl	SMBVL	motor_neuron	nervous	1	7360	https://github.com/openworm/wormbrowser/blob/937839d19f505d0dff9aebb1e3bc69f7855942a8/org.openworm.wormbrowser/war/models/Virtual_Worm/Virtual_Worm_February_2012.js
alnr	ALNR	neurunkfunc	nervous	1	5824	https://github.com/openworm/wormbrowser/blob/937839d19f505d0dff9aebb1e3bc69f7855942a8/org.openworm.wormbrowser/war/models/Virtual_Worm/Virtual_Worm_February_2012.js
plnr	PLNR	neurunkfunc	nervous	1	6848	https://github.com/openworm/wormbrowser/blob/937839d19f505d0dff9aebb1e3bc69f7855942a8/org.openworm.wormbrowser/war/models/Virtual_Worm/Virtual_Worm_February_2012.js
canl	CANL	neurunkfunc	nervous	1	4544	https://github.com/openworm/wormbrowser/blob/937839d19f505d0dff9aebb1e3bc69f7855942a8/org.openworm.wormbrowser/war/models/Virtual_Worm/Virtual_Worm_February_2012.js
uryvr	URYVR	neurunkfunc	nervous	1	2624	https://github.com/openworm/wormbrowser/blob/937839d19f505d0dff9aebb1e3bc69f7855942a8/org.openworm.wormbrowser/war/models/Virtual_Worm/Virtual_Worm_February_2012.js
auar	AUAR	neurunkfunc	nervous	1	4416	https://github.com/openworm/wormbrowser/blob/937839d19f505d0dff9aebb1e3bc69f7855942a8/org.openworm.wormbrowser/war/models/Virtual_Worm/Virtual_Worm_February_2012.js
plnl	PLNL	neurunkfunc	nervous	1	6592	https://github.com/openworm/wormbrowser/blob/937839d19f505d0dff9aebb1e3bc69f7855942a8/org.openworm.wormbrowser/war/models/Virtual_Worm/Virtual_Worm_February_2012.js
alnl	ALNL	neurunkfunc	nervous	1	5824	https://github.com/openworm/wormbrowser/blob/937839d19f505d0dff9aebb1e3bc69f7855942a8/org.openworm.wormbrowser/war/models/Virtual_Worm/Virtual_Worm_February_2012.js
canr	CANR	neurunkfunc	nervous	1	4544	https://github.com/openworm/wormbrowser/blob/937839d19f505d0dff9aebb1e3bc69f7855942a8/org.openworm.wormbrowser/war/models/Virtual_Worm/Virtual_Worm_February_2012.js
urydr	URYDR	neurunkfunc	nervous	1	3904	https://github.com/openworm/wormbrowser/blob/937839d19f505d0dff9aebb1e3bc69f7855942a8/org.openworm.wormbrowser/war/models/Virtual_Worm/Virtual_Worm_February_2012.js
ala	ALA	neurunkfunc	nervous	1	9984	https://github.com/openworm/wormbrowser/blob/937839d19f505d0dff9aebb1e3bc69f7855942a8/org.openworm.wormbrowser/war/models/Virtual_Worm/Virtual_Worm_February_2012.js
aual	AUAL	neurunkfunc	nervous	1	4416	https://github.com/openworm/wormbrowser/blob/937839d19f505d0dff9aebb1e3bc69f7855942a8/org.openworm.wormbrowser/war/models/Virtual_Worm/Virtual_Worm_February_2012.js
urydl	URYDL	neurunkfunc	nervous	1	3904	https://github.com/openworm/wormbrowser/blob/937839d19f505d0dff9aebb1e3bc69f7855942a8/org.openworm.wormbrowser/war/models/Virtual_Worm/Virtual_Worm_February_2012.js
uryvl	URYVL	neurunkfunc	nervous	1	2624	https://github.com/openworm/wormbrowser/blob/937839d19f505d0dff9aebb1e3bc69f7855942a8/org.openworm.wormbrowser/war/models/Virtual_Worm/Virtual_Worm_February_2012.js
pm1	pm1	odd	muscular;digestive	1	10048	https://github.com/openworm/wormbrowser/blob/937839d19f505d0dff9aebb1e3bc69f7855942a8/org.openworm.wormbrowser/war/models/Virtual_Worm/Virtual_Worm_February_2012.js
pm7vl	pm7vl	odd	muscular;digestive	1	4624	https://github.com/openworm/wormbrowser/blob/937839d19f505d0dff9aebb1e3bc69f7855942a8/org.openworm.wormbrowser/war/models/Virtual_Worm/Virtual_Worm_February_2012.js
pm7d	pm7d	odd	muscular;digestive	1	5184	https://github.com/openworm/wormbrowser/blob/937839d19f505d0dff9aebb1e3bc69f7855942a8/org.openworm.wormbrowser/war/models/Virtual_Worm/Virtual_Worm_February_2012.js
pm5vl	pm5vl	odd	muscular;digestive	1	5008	https://github.com/openworm/wormbrowser/blob/937839d19f505d0dff9aebb1e3bc69f7855942a8/org.openworm.wormbrowser/war/models/Virtual_Worm/Virtual_Worm_February_2012.js
pm5d	pm5d	odd	muscular;digestive	1	5376	https://github.com/openworm/wormbrowser/blob/937839d19f505d0dff9aebb1e3bc69f7855942a8/org.openworm.wormbrowser/war/models/Virtual_Worm/Virtual_Worm_February_2012.js
pm5vr	pm5vr	odd	muscular;digestive	1	4368	https://github.com/openworm/wormbrowser/blob/937839d19f505d0dff9aebb1e3bc69f7855942a8/org.openworm.wormbrowser/war/models/Virtual_Worm/Virtual_Worm_February_2012.js
pm3vl	pm3vl	odd	muscular;digestive	1	6576	https://github.com/openworm/wormbrowser/blob/937839d19f505d0dff9aebb1e3bc69f7855942a8/org.openworm.wormbrowser/war/models/Virtual_Worm/Virtual_Worm_February_2012.js
pm3d	pm3d	odd	muscular;digestive	1	5232	https://github.com/openworm/wormbrowser/blob/937839d19f505d0dff9aebb1e3bc69f7855942a8/org.openworm.wormbrowser/war/models/Virtual_Worm/Virtual_Worm_February_2012.js
pm3vr	pm3vr	odd	muscular;digestive	1	6320	https://github.com/openworm/wormbrowser/blob/937839d19f505d0dff9aebb1e3bc69f7855942a8/org.openworm.wormbrowser/war/models/Virtual_Worm/Virtual_Worm_February_2012.js
pm7vr	pm7vr	odd	muscular;digestive	1	4768	https://github.com/openworm/wormbrowser/blob/937839d19f505d0dff9aebb1e3bc69f7855942a8/org.openworm.wormbrowser/war/models/Virtual_Worm/Virtual_Worm_February_2012.js
phar_gland_g1_r_phar_gland_vd_g1_.000	phar gland g1 r phar gland vd g1 .000	phary_&_rect_glands	digestive	1	2240	https://github.com/openworm/wormbrowser/blob/937839d19f505d0dff9aebb1e3bc69f7855942a8/org.openworm.wormbrowser/war/models/Virtual_Worm/Virtual_Worm_February_2012.js
rect_vr	rect vr	phary_&_rect_glands	digestive	1	960	https://github.com/openworm/wormbrowser/blob/937839d19f505d0dff9aebb1e3bc69f7855942a8/org.openworm.wormbrowser/war/models/Virtual_Worm/Virtual_Worm_February_2012.js
rect_d	rect d	phary_&_rect_glands	digestive	1	1728	https://github.com/openworm/wormbrowser/blob/937839d19f505d0dff9aebb1e3bc69f7855942a8/org.openworm.wormbrowser/war/models/Virtual_Worm/Virtual_Worm_February_2012.js
rect_vl	rect vl	phary_&_rect_glands	digestive	1	960	https://github.com/openworm/wormbrowser/blob/937839d19f505d0dff9aebb1e3bc69f7855942a8/org.openworm.wormbrowser/war/models/Virtual_Worm/Virtual_Worm_February_2012.js
phar_gland_g2_vr_phar_gland_vg2r	phar gland g2 vr phar gland vg2r	phary_&_rect_glands	digestive	1	1984	https://github.com/openworm/wormbrowser/blob/937839d19f505d0dff9aebb1e3bc69f7855942a8/org.openworm.wormbrowser/war/models/Virtual_Worm/Virtual_Worm_February_2012.js
phar_gland_dorsal_g2_phar_gland_vd	phar gland dorsal g2 phar gland vd	phary_&_rect_glands	digestive	1	4160	https://github.com/openworm/wormbrowser/blob/937839d19f505d0dff9aebb1e3bc69f7855942a8/org.openworm.wormbrowser/war/models/Virtual_Worm/Virtual_Worm_February_2012.js
phar_gland_g1_l_phar_gland_vg1l	phar gland g1 l phar gland vg1l	phary_&_rect_glands	digestive	1	10176	https://github.com/openworm/wormbrowser/blob/937839d19f505d0dff9aebb1e3bc69f7855942a8/org.openworm.wormbrowser/war/models/Virtual_Worm/Virtual_Worm_February_2012.js
phar_gland_g2_vl_phar_gland_vg2l	phar gland g2 vl phar gland vg2l	phary_&_rect_glands	digestive	1	1984	https://github.com/openworm/wormbrowser/blob/937839d19f505d0dff9aebb1e3bc69f7855942a8/org.openworm.wormbrowser/war/models/Virtual_Worm/Virtual_Worm_February_2012.js
anus	anus	pharyngeal_epithelium	digestive	1	640	https://github.com/openworm/wormbrowser/blob/937839d19f505d0dff9aebb1e3bc69f7855942a8/org.openworm.wormbrowser/war/models/Virtual_Worm/Virtual_Worm_February_2012.js
e1vr	e1vr	pharyngeal_epithelium	digestive	1	2624	https://github.com/openworm/wormbrowser/blob/937839d19f505d0dff9aebb1e3bc69f7855942a8/org.openworm.wormbrowser/war/models/Virtual_Worm/Virtual_Worm_February_2012.js
e3vr	e3vr	pharyngeal_epithelium	digestive	1	2736	https://github.com/openworm/wormbrowser/blob/937839d19f505d0dff9aebb1e3bc69f7855942a8/org.openworm.wormbrowser/war/models/Virtual_Worm/Virtual_Worm_February_2012.js
e2dr	e2dr	pharyngeal_epithelium	digestive	1	4368	https://github.com/openworm/wormbrowser/blob/937839d19f505d0dff9aebb1e3bc69f7855942a8/org.openworm.wormbrowser/war/models/Virtual_Worm/Virtual_Worm_February_2012.js
e2dl	e2dl	pharyngeal_epithelium	digestive	1	4112	https://github.com/openworm/wormbrowser/blob/937839d19f505d0dff9aebb1e3bc69f7855942a8/org.openworm.wormbrowser/war/models/Virtual_Worm/Virtual_Worm_February_2012.js
e3d	e3d	pharyngeal_epithelium	digestive	1	3040	https://github.com/openworm/wormbrowser/blob/937839d19f505d0dff9aebb1e3bc69f7855942a8/org.openworm.wormbrowser/war/models/Virtual_Worm/Virtual_Worm_February_2012.js
e1d	e1d	pharyngeal_epithelium	digestive	1	3392	https://github.com/openworm/wormbrowser/blob/937839d19f505d0dff9aebb1e3bc69f7855942a8/org.openworm.wormbrowser/war/models/Virtual_Worm/Virtual_Worm_February_2012.js
e2v	e2v	pharyngeal_epithelium	digestive	1	4528	https://github.com/openworm/wormbrowser/blob/937839d19f505d0dff9aebb1e3bc69f7855942a8/org.openworm.wormbrowser/war/models/Virtual_Worm/Virtual_Worm_February_2012.js
e3vl	e3vl	pharyngeal_epithelium	digestive	1	2736	https://github.com/openworm/wormbrowser/blob/937839d19f505d0dff9aebb1e3bc69f7855942a8/org.openworm.wormbrowser/war/models/Virtual_Worm/Virtual_Worm_February_2012.js
e1vl	e1vl	pharyngeal_epithelium	digestive	1	2624	https://github.com/openworm/wormbrowser/blob/937839d19f505d0dff9aebb1e3bc69f7855942a8/org.openworm.wormbrowser/war/models/Virtual_Worm/Virtual_Worm_February_2012.js
olqvr	OLQVR	polymodalneuron	nervous	1	2624	https://github.com/openworm/wormbrowser/blob/937839d19f505d0dff9aebb1e3bc69f7855942a8/org.openworm.wormbrowser/war/models/Virtual_Worm/Virtual_Worm_February_2012.js
il1vr	IL1VR	polymodalneuron	nervous	1	2752	https://github.com/openworm/wormbrowser/blob/937839d19f505d0dff9aebb1e3bc69f7855942a8/org.openworm.wormbrowser/war/models/Virtual_Worm/Virtual_Worm_February_2012.js
il1r	IL1R	polymodalneuron	nervous	1	3648	https://github.com/openworm/wormbrowser/blob/937839d19f505d0dff9aebb1e3bc69f7855942a8/org.openworm.wormbrowser/war/models/Virtual_Worm/Virtual_Worm_February_2012.js
nsmr	NSMR	polymodalneuron	nervous	1	3136	https://github.com/openworm/wormbrowser/blob/937839d19f505d0dff9aebb1e3bc69f7855942a8/org.openworm.wormbrowser/war/models/Virtual_Worm/Virtual_Worm_February_2012.js
mcr	MCR	polymodalneuron	nervous	1	3904	https://github.com/openworm/wormbrowser/blob/937839d19f505d0dff9aebb1e3bc69f7855942a8/org.openworm.wormbrowser/war/models/Virtual_Worm/Virtual_Worm_February_2012.js
mcl	MCL	polymodalneuron	nervous	1	3904	https://github.com/openworm/wormbrowser/blob/937839d19f505d0dff9aebb1e3bc69f7855942a8/org.openworm.wormbrowser/war/models/Virtual_Worm/Virtual_Worm_February_2012.js
olqdr	OLQDR	polymodalneuron	nervous	1	3136	https://github.com/openworm/wormbrowser/blob/937839d19f505d0dff9aebb1e3bc69f7855942a8/org.openworm.wormbrowser/war/models/Virtual_Worm/Virtual_Worm_February_2012.js
nsml	NSML	polymodalneuron	nervous	1	3136	https://github.com/openworm/wormbrowser/blob/937839d19f505d0dff9aebb1e3bc69f7855942a8/org.openworm.wormbrowser/war/models/Virtual_Worm/Virtual_Worm_February_2012.js
il1dr	IL1DR	polymodalneuron	nervous	1	756	https://github.com/openworm/wormbrowser/blob/937839d19f505d0dff9aebb1e3bc69f7855942a8/org.openworm.wormbrowser/war/models/Virtual_Worm/Virtual_Worm_February_2012.js
avl	AVL	polymodalneuron	nervous	1	8384	https://github.com/openworm/wormbrowser/blob/937839d19f505d0dff9aebb1e3bc69f7855942a8/org.openworm.wormbrowser/war/models/Virtual_Worm/Virtual_Worm_February_2012.js
il1dl	IL1DL	polymodalneuron	nervous	1	756	https://github.com/openworm/wormbrowser/blob/937839d19f505d0dff9aebb1e3bc69f7855942a8/org.openworm.wormbrowser/war/models/Virtual_Worm/Virtual_Worm_February_2012.js
il1vl	IL1VL	polymodalneuron	nervous	1	2752	https://github.com/openworm/wormbrowser/blob/937839d19f505d0dff9aebb1e3bc69f7855942a8/org.openworm.wormbrowser/war/models/Virtual_Worm/Virtual_Worm_February_2012.js
il1l	IL1L	polymodalneuron	nervous	1	3648	https://github.com/openworm/wormbrowser/blob/937839d19f505d0dff9aebb1e3bc69f7855942a8/org.openworm.wormbrowser/war/models/Virtual_Worm/Virtual_Worm_February_2012.js
olqdl	OLQDL	polymodalneuron	nervous	1	3136	https://github.com/openworm/wormbrowser/blob/937839d19f505d0dff9aebb1e3bc69f7855942a8/org.openworm.wormbrowser/war/models/Virtual_Worm/Virtual_Worm_February_2012.js
olqvl	OLQVL	polymodalneuron	nervous	1	2624	https://github.com/openworm/wormbrowser/blob/937839d19f505d0dff9aebb1e3bc69f7855942a8/org.openworm.wormbrowser/war/models/Virtual_Worm/Virtual_Worm_February_2012.js
y	y	rectal_epithelium	digestive	1	1472	https://github.com/openworm/wormbrowser/blob/937839d19f505d0dff9aebb1e3bc69f7855942a8/org.openworm.wormbrowser/war/models/Virtual_Worm/Virtual_Worm_February_2012.js
b	b	rectal_epithelium	digestive	1	1472	https://github.com/openworm/wormbrowser/blob/937839d19f505d0dff9aebb1e3bc69f7855942a8/org.openworm.wormbrowser/war/models/Virtual_Worm/Virtual_Worm_February_2012.js
u	u	rectal_epithelium	digestive	1	1472	https://github.com/openworm/wormbrowser/blob/937839d19f505d0dff9aebb1e3bc69f7855942a8/org.openworm.wormbrowser/war/models/Virtual_Worm/Virtual_Worm_February_2012.js
f	f	rectal_epithelium	digestive	1	1472	https://github.com/openworm/wormbrowser/blob/937839d19f505d0dff9aebb1e3bc69f7855942a8/org.openworm.wormbrowser/war/models/Virtual_Worm/Virtual_Worm_February_2012.js
k	k	rectal_epithelium	digestive	1	1472	https://github.com/openworm/wormbrowser/blob/937839d19f505d0dff9aebb1e3bc69f7855942a8/org.openworm.wormbrowser/war/models/Virtual_Worm/Virtual_Worm_February_2012.js
kprime	kprime	rectal_epithelium	digestive	1	1472	https://github.com/openworm/wormbrowser/blob/937839d19f505d0dff9aebb1e3bc69f7855942a8/org.openworm.wormbrowser/war/models/Virtual_Worm/Virtual_Worm_February_2012.js
seam_cells_left	seam cells left	seam_cell	surface	1	11072	https://github.com/openworm/wormbrowser/blob/937839d19f505d0dff9aebb1e3bc69f7855942a8/org.openworm.wormbrowser/war/models/Virtual_Worm/Virtual_Worm_February_2012.js
seam_cells_right	seam cells right	seam_cell	surface	1	11072	https://github.com/openworm/wormbrowser/blob/937839d19f505d0dff9aebb1e3bc69f7855942a8/org.openworm.wormbrowser/war/models/Virtual_Worm/Virtual_Worm_February_2012.js
pvm	PVM	sensoryneuron	nervous	1	4672	https://github.com/openworm/wormbrowser/blob/937839d19f505d0dff9aebb1e3bc69f7855942a8/org.openworm.wormbrowser/war/models/Virtual_Worm/Virtual_Worm_February_2012.js
pvdr	PVDR	sensoryneuron	nervous	3	222000	https://github.com/openworm/wormbrowser/blob/937839d19f505d0dff9aebb1e3bc69f7855942a8/org.openworm.wormbrowser/war/models/Virtual_Worm/Virtual_Worm_February_2012.js
pder	PDER	sensoryneuron	nervous	1	6720	https://github.com/openworm/wormbrowser/blob/937839d19f505d0dff9aebb1e3bc69f7855942a8/org.openworm.wormbrowser/war/models/Virtual_Worm/Virtual_Worm_February_2012.js
avm	AVM	sensoryneuron	nervous	1	5312	https://github.com/openworm/wormbrowser/blob/937839d19f505d0dff9aebb1e3bc69f7855942a8/org.openworm.wormbrowser/war/models/Virtual_Worm/Virtual_Worm_February_2012.js
almr	ALMR	sensoryneuron	nervous	1	4032	https://github.com/openworm/wormbrowser/blob/937839d19f505d0dff9aebb1e3bc69f7855942a8/org.openworm.wormbrowser/war/models/Virtual_Worm/Virtual_Worm_February_2012.js
pvr	PVR	sensoryneuron	nervous	1	9664	https://github.com/openworm/wormbrowser/blob/937839d19f505d0dff9aebb1e3bc69f7855942a8/org.openworm.wormbrowser/war/models/Virtual_Worm/Virtual_Worm_February_2012.js
plmr	PLMR	sensoryneuron	nervous	1	5696	https://github.com/openworm/wormbrowser/blob/937839d19f505d0dff9aebb1e3bc69f7855942a8/org.openworm.wormbrowser/war/models/Virtual_Worm/Virtual_Worm_February_2012.js
phcr	PHCR	sensoryneuron	nervous	1	3136	https://github.com/openworm/wormbrowser/blob/937839d19f505d0dff9aebb1e3bc69f7855942a8/org.openworm.wormbrowser/war/models/Virtual_Worm/Virtual_Worm_February_2012.js
phbr	PHBR	sensoryneuron	nervous	1	2496	https://github.com/openworm/wormbrowser/blob/937839d19f505d0dff9aebb1e3bc69f7855942a8/org.openworm.wormbrowser/war/models/Virtual_Worm/Virtual_Worm_February_2012.js
phar	PHAR	sensoryneuron	nervous	1	2496	https://github.com/openworm/wormbrowser/blob/937839d19f505d0dff9aebb1e3bc69f7855942a8/org.openworm.wormbrowser/war/models/Virtual_Worm/Virtual_Worm_February_2012.js
pvdl	PVDL	sensoryneuron	nervous	3	222128	https://github.com/openworm/wormbrowser/blob/937839d19f505d0dff9aebb1e3bc69f7855942a8/org.openworm.wormbrowser/war/models/Virtual_Worm/Virtual_Worm_February_2012.js
il2vr	IL2VR	sensoryneuron	nervous	1	2624	https://github.com/openworm/wormbrowser/blob/937839d19f505d0dff9aebb1e3bc69f7855942a8/org.openworm.wormbrowser/war/models/Virtual_Worm/Virtual_Worm_February_2012.js
flpr	FLPR	sensoryneuron	nervous	1	6080	https://github.com/openworm/wormbrowser/blob/937839d19f505d0dff9aebb1e3bc69f7855942a8/org.openworm.wormbrowser/war/models/Virtual_Worm/Virtual_Worm_February_2012.js
bagr	BAGR	sensoryneuron	nervous	1	3904	https://github.com/openworm/wormbrowser/blob/937839d19f505d0dff9aebb1e3bc69f7855942a8/org.openworm.wormbrowser/war/models/Virtual_Worm/Virtual_Worm_February_2012.js
il2r	IL2R	sensoryneuron	nervous	1	2752	https://github.com/openworm/wormbrowser/blob/937839d19f505d0dff9aebb1e3bc69f7855942a8/org.openworm.wormbrowser/war/models/Virtual_Worm/Virtual_Worm_February_2012.js
awcr	AWCR	sensoryneuron	nervous	1	4928	https://github.com/openworm/wormbrowser/blob/937839d19f505d0dff9aebb1e3bc69f7855942a8/org.openworm.wormbrowser/war/models/Virtual_Worm/Virtual_Worm_February_2012.js
awbr	AWBR	sensoryneuron	nervous	1	4544	https://github.com/openworm/wormbrowser/blob/937839d19f505d0dff9aebb1e3bc69f7855942a8/org.openworm.wormbrowser/war/models/Virtual_Worm/Virtual_Worm_February_2012.js
awar	AWAR	sensoryneuron	nervous	1	4544	https://github.com/openworm/wormbrowser/blob/937839d19f505d0dff9aebb1e3bc69f7855942a8/org.openworm.wormbrowser/war/models/Virtual_Worm/Virtual_Worm_February_2012.js
askr	ASKR	sensoryneuron	nervous	1	4544	https://github.com/openworm/wormbrowser/blob/937839d19f505d0dff9aebb1e3bc69f7855942a8/org.openworm.wormbrowser/war/models/Virtual_Worm/Virtual_Worm_February_2012.js
asir	ASIR	sensoryneuron	nervous	1	4928	https://github.com/openworm/wormbrowser/blob/937839d19f505d0dff9aebb1e3bc69f7855942a8/org.openworm.wormbrowser/war/models/Virtual_Worm/Virtual_Worm_February_2012.js
aser	ASER	sensoryneuron	nervous	1	5568	https://github.com/openworm/wormbrowser/blob/937839d19f505d0dff9aebb1e3bc69f7855942a8/org.openworm.wormbrowser/war/models/Virtual_Worm/Virtual_Worm_February_2012.js
ashr	ASHR	sensoryneuron	nervous	1	4544	https://github.com/openworm/wormbrowser/blob/937839d19f505d0dff9aebb1e3bc69f7855942a8/org.openworm.wormbrowser/war/models/Virtual_Worm/Virtual_Worm_February_2012.js
adlr	ADLR	sensoryneuron	nervous	1	4416	https://github.com/openworm/wormbrowser/blob/937839d19f505d0dff9aebb1e3bc69f7855942a8/org.openworm.wormbrowser/war/models/Virtual_Worm/Virtual_Worm_February_2012.js
adfr	ADFR	sensoryneuron	nervous	1	4416	https://github.com/openworm/wormbrowser/blob/937839d19f505d0dff9aebb1e3bc69f7855942a8/org.openworm.wormbrowser/war/models/Virtual_Worm/Virtual_Worm_February_2012.js
ader	ADER	sensoryneuron	nervous	2	4160	https://github.com/openworm/wormbrowser/blob/937839d19f505d0dff9aebb1e3bc69f7855942a8/org.openworm.wormbrowser/war/models/Virtual_Worm/Virtual_Worm_February_2012.js
pqr	PQR	sensoryneuron	nervous	1	3008	https://github.com/openworm/wormbrowser/blob/937839d19f505d0dff9aebb1e3bc69f7855942a8/org.openworm.wormbrowser/war/models/Virtual_Worm/Virtual_Worm_February_2012.js
phcl	PHCL	sensoryneuron	nervous	1	3136	https://github.com/openworm/wormbrowser/blob/937839d19f505d0dff9aebb1e3bc69f7855942a8/org.openworm.wormbrowser/war/models/Virtual_Worm/Virtual_Worm_February_2012.js
phbl	PHBL	sensoryneuron	nervous	1	2496	https://github.com/openworm/wormbrowser/blob/937839d19f505d0dff9aebb1e3bc69f7855942a8/org.openworm.wormbrowser/war/models/Virtual_Worm/Virtual_Worm_February_2012.js
phal	PHAL	sensoryneuron	nervous	1	2496	https://github.com/openworm/wormbrowser/blob/937839d19f505d0dff9aebb1e3bc69f7855942a8/org.openworm.wormbrowser/war/models/Virtual_Worm/Virtual_Worm_February_2012.js
plml	PLML	sensoryneuron	nervous	1	5696	https://github.com/openworm/wormbrowser/blob/937839d19f505d0dff9aebb1e3bc69f7855942a8/org.openworm.wormbrowser/war/models/Virtual_Worm/Virtual_Worm_February_2012.js
pdel	PDEL	sensoryneuron	nervous	1	6592	https://github.com/openworm/wormbrowser/blob/937839d19f505d0dff9aebb1e3bc69f7855942a8/org.openworm.wormbrowser/war/models/Virtual_Worm/Virtual_Worm_February_2012.js
alml	ALML	sensoryneuron	nervous	1	4032	https://github.com/openworm/wormbrowser/blob/937839d19f505d0dff9aebb1e3bc69f7855942a8/org.openworm.wormbrowser/war/models/Virtual_Worm/Virtual_Worm_February_2012.js
il2vl	IL2VL	sensoryneuron	nervous	1	2624	https://github.com/openworm/wormbrowser/blob/937839d19f505d0dff9aebb1e3bc69f7855942a8/org.openworm.wormbrowser/war/models/Virtual_Worm/Virtual_Worm_February_2012.js
cepdr	CEPDR	sensoryneuron	nervous	1	4032	https://github.com/openworm/wormbrowser/blob/937839d19f505d0dff9aebb1e3bc69f7855942a8/org.openworm.wormbrowser/war/models/Virtual_Worm/Virtual_Worm_February_2012.js
asgr	ASGR	sensoryneuron	nervous	1	3904	https://github.com/openworm/wormbrowser/blob/937839d19f505d0dff9aebb1e3bc69f7855942a8/org.openworm.wormbrowser/war/models/Virtual_Worm/Virtual_Worm_February_2012.js
ollr	OLLR	sensoryneuron	nervous	1	4672	https://github.com/openworm/wormbrowser/blob/937839d19f505d0dff9aebb1e3bc69f7855942a8/org.openworm.wormbrowser/war/models/Virtual_Worm/Virtual_Worm_February_2012.js
il2dr	IL2DR	sensoryneuron	nervous	1	2752	https://github.com/openworm/wormbrowser/blob/937839d19f505d0dff9aebb1e3bc69f7855942a8/org.openworm.wormbrowser/war/models/Virtual_Worm/Virtual_Worm_February_2012.js
afdr	AFDR	sensoryneuron	nervous	1	4416	https://github.com/openworm/wormbrowser/blob/937839d19f505d0dff9aebb1e3bc69f7855942a8/org.openworm.wormbrowser/war/models/Virtual_Worm/Virtual_Worm_February_2012.js
cepvr	CEPVR	sensoryneuron	nervous	1	3648	https://github.com/openworm/wormbrowser/blob/937839d19f505d0dff9aebb1e3bc69f7855942a8/org.openworm.wormbrowser/war/models/Virtual_Worm/Virtual_Worm_February_2012.js
asjr	ASJR	sensoryneuron	nervous	1	4800	https://github.com/openworm/wormbrowser/blob/937839d19f505d0dff9aebb1e3bc69f7855942a8/org.openworm.wormbrowser/war/models/Virtual_Worm/Virtual_Worm_February_2012.js
aqr	AQR	sensoryneuron	nervous	1	4672	https://github.com/openworm/wormbrowser/blob/937839d19f505d0dff9aebb1e3bc69f7855942a8/org.openworm.wormbrowser/war/models/Virtual_Worm/Virtual_Worm_February_2012.js
il2dl	IL2DL	sensoryneuron	nervous	1	2752	https://github.com/openworm/wormbrowser/blob/937839d19f505d0dff9aebb1e3bc69f7855942a8/org.openworm.wormbrowser/war/models/Virtual_Worm/Virtual_Worm_February_2012.js
bagl	BAGL	sensoryneuron	nervous	1	3904	https://github.com/openworm/wormbrowser/blob/937839d19f505d0dff9aebb1e3bc69f7855942a8/org.openworm.wormbrowser/war/models/Virtual_Worm/Virtual_Worm_February_2012.js
cepvl	CEPVL	sensoryneuron	nervous	1	3648	https://github.com/openworm/wormbrowser/blob/937839d19f505d0dff9aebb1e3bc69f7855942a8/org.openworm.wormbrowser/war/models/Virtual_Worm/Virtual_Worm_February_2012.js
adel	ADEL	sensoryneuron	nervous	1	4160	https://github.com/openworm/wormbrowser/blob/937839d19f505d0dff9aebb1e3bc69f7855942a8/org.openworm.wormbrowser/war/models/Virtual_Worm/Virtual_Worm_February_2012.js
flpl	FLPL	sensoryneuron	nervous	1	6080	https://github.com/openworm/wormbrowser/blob/937839d19f505d0dff9aebb1e3bc69f7855942a8/org.openworm.wormbrowser/war/models/Virtual_Worm/Virtual_Worm_February_2012.js
adll	ADLL	sensoryneuron	nervous	1	4416	https://github.com/openworm/wormbrowser/blob/937839d19f505d0dff9aebb1e3bc69f7855942a8/org.openworm.wormbrowser/war/models/Virtual_Worm/Virtual_Worm_February_2012.js
ashl	ASHL	sensoryneuron	nervous	1	4544	https://github.com/openworm/wormbrowser/blob/937839d19f505d0dff9aebb1e3bc69f7855942a8/org.openworm.wormbrowser/war/models/Virtual_Worm/Virtual_Worm_February_2012.js
awbl	AWBL	sensoryneuron	nervous	1	4544	https://github.com/openworm/wormbrowser/blob/937839d19f505d0dff9aebb1e3bc69f7855942a8/org.openworm.wormbrowser/war/models/Virtual_Worm/Virtual_Worm_February_2012.js
afdl	AFDL	sensoryneuron	nervous	1	4416	https://github.com/openworm/wormbrowser/blob/937839d19f505d0dff9aebb1e3bc69f7855942a8/org.openworm.wormbrowser/war/models/Virtual_Worm/Virtual_Worm_February_2012.js
adfl	ADFL	sensoryneuron	nervous	1	4416	https://github.com/openworm/wormbrowser/blob/937839d19f505d0dff9aebb1e3bc69f7855942a8/org.openworm.wormbrowser/war/models/Virtual_Worm/Virtual_Worm_February_2012.js
asel	ASEL	sensoryneuron	nervous	2	5568	https://github.com/openworm/wormbrowser/blob/937839d19f505d0dff9aebb1e3bc69f7855942a8/org.openworm.wormbrowser/war/models/Virtual_Worm/Virtual_Worm_February_2012.js
awcl	AWCL	sensoryneuron	nervous	1	4928	https://github.com/openworm/wormbrowser/blob/937839d19f505d0dff9aebb1e3bc69f7855942a8/org.openworm.wormbrowser/war/models/Virtual_Worm/Virtual_Worm_February_2012.js
asjl	ASJL	sensoryneuron	nervous	1	4800	https://github.com/openworm/wormbrowser/blob/937839d19f505d0dff9aebb1e3bc69f7855942a8/org.openworm.wormbrowser/war/models/Virtual_Worm/Virtual_Worm_February_2012.js
cepdl	CEPDL	sensoryneuron	nervous	1	4032	https://github.com/openworm/wormbrowser/blob/937839d19f505d0dff9aebb1e3bc69f7855942a8/org.openworm.wormbrowser/war/models/Virtual_Worm/Virtual_Worm_February_2012.js
asil	ASIL	sensoryneuron	nervous	1	4928	https://github.com/openworm/wormbrowser/blob/937839d19f505d0dff9aebb1e3bc69f7855942a8/org.openworm.wormbrowser/war/models/Virtual_Worm/Virtual_Worm_February_2012.js
askl	ASKL	sensoryneuron	nervous	1	4544	https://github.com/openworm/wormbrowser/blob/937839d19f505d0dff9aebb1e3bc69f7855942a8/org.openworm.wormbrowser/war/models/Virtual_Worm/Virtual_Worm_February_2012.js
asgl	ASGL	sensoryneuron	nervous	1	3904	https://github.com/openworm/wormbrowser/blob/937839d19f505d0dff9aebb1e3bc69f7855942a8/org.openworm.wormbrowser/war/models/Virtual_Worm/Virtual_Worm_February_2012.js
awal	AWAL	sensoryneuron	nervous	1	4544	https://github.com/openworm/wormbrowser/blob/937839d19f505d0dff9aebb1e3bc69f7855942a8/org.openworm.wormbrowser/war/models/Virtual_Worm/Virtual_Worm_February_2012.js
olll	OLLL	sensoryneuron	nervous	1	4672	https://github.com/openworm/wormbrowser/blob/937839d19f505d0dff9aebb1e3bc69f7855942a8/org.openworm.wormbrowser/war/models/Virtual_Worm/Virtual_Worm_February_2012.js
il2l	IL2L	sensoryneuron	nervous	1	2752	https://github.com/openworm/wormbrowser/blob/937839d19f505d0dff9aebb1e3bc69f7855942a8/org.openworm.wormbrowser/war/models/Virtual_Worm/Virtual_Worm_February_2012.js
olqshvr	olqshvr	sheathother	nervous	1	1856	https://github.com/openworm/wormbrowser/blob/937839d19f505d0dff9aebb1e3bc69f7855942a8/org.openworm.wormbrowser/war/models/Virtual_Worm/Virtual_Worm_February_2012.js
ilshvr	ilshvr	sheathother	nervous	1	1216	https://github.com/openworm/wormbrowser/blob/937839d19f505d0dff9aebb1e3bc69f7855942a8/org.openworm.wormbrowser/war/models/Virtual_Worm/Virtual_Worm_February_2012.js
ollshr	ollshr	sheathother	nervous	1	1728	https://github.com/openworm/wormbrowser/blob/937839d19f505d0dff9aebb1e3bc69f7855942a8/org.openworm.wormbrowser/war/models/Virtual_Worm/Virtual_Worm_February_2012.js
ilshr	ilshr	sheathother	nervous	1	1856	https://github.com/openworm/wormbrowser/blob/937839d19f505d0dff9aebb1e3bc69f7855942a8/org.openworm.wormbrowser/war/models/Virtual_Worm/Virtual_Worm_February_2012.js
amshr	amshr	sheathother	nervous	1	2880	https://github.com/openworm/wormbrowser/blob/937839d19f505d0dff9aebb1e3bc69f7855942a8/org.openworm.wormbrowser/war/models/Virtual_Worm/Virtual_Worm_February_2012.js
phshr	phshr	sheathother	nervous	1	960	https://github.com/openworm/wormbrowser/blob/937839d19f505d0dff9aebb1e3bc69f7855942a8/org.openworm.wormbrowser/war/models/Virtual_Worm/Virtual_Worm_February_2012.js
phshl	phshl	sheathother	nervous	1	960	https://github.com/openworm/wormbrowser/blob/937839d19f505d0dff9aebb1e3bc69f7855942a8/org.openworm.wormbrowser/war/models/Virtual_Worm/Virtual_Worm_February_2012.js
olqshdr	olqshdr	sheathother	nervous	1	1728	https://github.com/openworm/wormbrowser/blob/937839d19f505d0dff9aebb1e3bc69f7855942a8/org.openworm.wormbrowser/war/models/Virtual_Worm/Virtual_Worm_February_2012.js
cepshvr	cepshvr	sheathother	nervous	1	3264	https://github.com/openworm/wormbrowser/blob/937839d19f505d0dff9aebb1e3bc69f7855942a8/org.openworm.wormbrowser/war/models/Virtual_Worm/Virtual_Worm_February_2012.js
cepshdr	cepshdr	sheathother	nervous	1	3264	https://github.com/openworm/wormbrowser/blob/937839d19f505d0dff9aebb1e3bc69f7855942a8/org.openworm.wormbrowser/war/models/Virtual_Worm/Virtual_Worm_February_2012.js
ilshdr	ilshdr	sheathother	nervous	1	1344	https://github.com/openworm/wormbrowser/blob/937839d19f505d0dff9aebb1e3bc69f7855942a8/org.openworm.wormbrowser/war/models/Virtual_Worm/Virtual_Worm_February_2012.js
adeshr	adeshr	sheathother	nervous	1	3200	https://github.com/openworm/wormbrowser/blob/937839d19f505d0dff9aebb1e3bc69f7855942a8/org.openworm.wormbrowser/war/models/Virtual_Worm/Virtual_Worm_February_2012.js
adeshl	adeshl	sheathother	nervous	1	2176	https://github.com/openworm/wormbrowser/blob/937839d19f505d0dff9aebb1e3bc69f7855942a8/org.openworm.wormbrowser/war/models/Virtual_Worm/Virtual_Worm_February_2012.js
ilshvl	ilshvl	sheathother	nervous	1	1216	https://github.com/openworm/wormbrowser/blob/937839d19f505d0dff9aebb1e3bc69f7855942a8/org.openworm.wormbrowser/war/models/Virtual_Worm/Virtual_Worm_February_2012.js
ilshdl	ilshdl	sheathother	nervous	1	1344	https://github.com/openworm/wormbrowser/blob/937839d19f505d0dff9aebb1e3bc69f7855942a8/org.openworm.wormbrowser/war/models/Virtual_Worm/Virtual_Worm_February_2012.js
olqshdl	olqshdl	sheathother	nervous	1	1728	https://github.com/openworm/wormbrowser/blob/937839d19f505d0dff9aebb1e3bc69f7855942a8/org.openworm.wormbrowser/war/models/Virtual_Worm/Virtual_Worm_February_2012.js
ilshl	ilshl	sheathother	nervous	1	1856	https://github.com/openworm/wormbrowser/blob/937839d19f505d0dff9aebb1e3bc69f7855942a8/org.openworm.wormbrowser/war/models/Virtual_Worm/Virtual_Worm_February_2012.js
olqshvl	olqshvl	sheathother	nervous	1	1856	https://github.com/openworm/wormbrowser/blob/937839d19f505d0dff9aebb1e3bc69f7855942a8/org.openworm.wormbrowser/war/models/Virtual_Worm/Virtual_Worm_February_2012.js
ollshl	ollshl	sheathother	nervous	1	1728	https://github.com/openworm/wormbrowser/blob/937839d19f505d0dff9aebb1e3bc69f7855942a8/org.openworm.wormbrowser/war/models/Virtual_Worm/Virtual_Worm_February_2012.js
cepshdl	cepshdl	sheathother	nervous	1	3264	https://github.com/openworm/wormbrowser/blob/937839d19f505d0dff9aebb1e3bc69f7855942a8/org.openworm.wormbrowser/war/models/Virtual_Worm/Virtual_Worm_February_2012.js
cepshvl	cepshvl	sheathother	nervous	1	3264	https://github.com/openworm/wormbrowser/blob/937839d19f505d0dff9aebb1e3bc69f7855942a8/org.openworm.wormbrowser/war/models/Virtual_Worm/Virtual_Worm_February_2012.js
olqsovr	olqsovr	socketcell	nervous	1	1088	https://github.com/openworm/wormbrowser/blob/937839d19f505d0dff9aebb1e3bc69f7855942a8/org.openworm.wormbrowser/war/models/Virtual_Worm/Virtual_Worm_February_2012.js
ilsovr	ilsovr	socketcell	nervous	1	960	https://github.com/openworm/wormbrowser/blob/937839d19f505d0dff9aebb1e3bc69f7855942a8/org.openworm.wormbrowser/war/models/Virtual_Worm/Virtual_Worm_February_2012.js
xxxr	xxxr	socketcell	other	1	1216	https://github.com/openworm/wormbrowser/blob/937839d19f505d0dff9aebb1e3bc69f7855942a8/org.openworm.wormbrowser/war/models/Virtual_Worm/Virtual_Worm_February_2012.js
ollsor	ollsor	socketcell	nervous	1	1728	https://github.com/openworm/wormbrowser/blob/937839d19f505d0dff9aebb1e3bc69f7855942a8/org.openworm.wormbrowser/war/models/Virtual_Worm/Virtual_Worm_February_2012.js
ilsor	ilsor	socketcell	nervous	1	1216	https://github.com/openworm/wormbrowser/blob/937839d19f505d0dff9aebb1e3bc69f7855942a8/org.openworm.wormbrowser/war/models/Virtual_Worm/Virtual_Worm_February_2012.js
amsor	amsor	socketcell	nervous	1	1216	https://github.com/openworm/wormbrowser/blob/937839d19f505d0dff9aebb1e3bc69f7855942a8/org.openworm.wormbrowser/war/models/Virtual_Worm/Virtual_Worm_February_2012.js
phso1r	phso1r	socketcell	nervous	1	1728	https://github.com/openworm/wormbrowser/blob/937839d19f505d0dff9aebb1e3bc69f7855942a8/org.openworm.wormbrowser/war/models/Virtual_Worm/Virtual_Worm_February_2012.js
phso2r	phso2r	socketcell	nervous	1	1472	https://github.com/openworm/wormbrowser/blob/937839d19f505d0dff9aebb1e3bc69f7855942a8/org.openworm.wormbrowser/war/models/Virtual_Worm/Virtual_Worm_February_2012.js
phso2l	phso2l	socketcell	nervous	1	1472	https://github.com/openworm/wormbrowser/blob/937839d19f505d0dff9aebb1e3bc69f7855942a8/org.openworm.wormbrowser/war/models/Virtual_Worm/Virtual_Worm_February_2012.js
phso1l	phso1l	socketcell	nervous	1	1728	https://github.com/openworm/wormbrowser/blob/937839d19f505d0dff9aebb1e3bc69f7855942a8/org.openworm.wormbrowser/war/models/Virtual_Worm/Virtual_Worm_February_2012.js
adesol	adesol	socketcell	nervous	1	1920	https://github.com/openworm/wormbrowser/blob/937839d19f505d0dff9aebb1e3bc69f7855942a8/org.openworm.wormbrowser/war/models/Virtual_Worm/Virtual_Worm_February_2012.js
amsol	amsol	socketcell	nervous	1	1216	https://github.com/openworm/wormbrowser/blob/937839d19f505d0dff9aebb1e3bc69f7855942a8/org.openworm.wormbrowser/war/models/Virtual_Worm/Virtual_Worm_February_2012.js
ilsodr	ilsodr	socketcell	nervous	1	1088	https://github.com/openworm/wormbrowser/blob/937839d19f505d0dff9aebb1e3bc69f7855942a8/org.openworm.wormbrowser/war/models/Virtual_Worm/Virtual_Worm_February_2012.js
adesor	adesor	socketcell	nervous	1	1920	https://github.com/openworm/wormbrowser/blob/937839d19f505d0dff9aebb1e3bc69f7855942a8/org.openworm.wormbrowser/war/models/Virtual_Worm/Virtual_Worm_February_2012.js
cepsovr	cepsovr	socketcell	nervous	1	1472	https://github.com/openworm/wormbrowser/blob/937839d19f505d0dff9aebb1e3bc69f7855942a8/org.openworm.wormbrowser/war/models/Virtual_Worm/Virtual_Worm_February_2012.js
cepsodr	cepsodr	socketcell	nervous	1	1728	https://github.com/openworm/wormbrowser/blob/937839d19f505d0dff9aebb1e3bc69f7855942a8/org.openworm.wormbrowser/war/models/Virtual_Worm/Virtual_Worm_February_2012.js
olqsodr	olqsodr	socketcell	nervous	1	1088	https://github.com/openworm/wormbrowser/blob/937839d19f505d0dff9aebb1e3bc69f7855942a8/org.openworm.wormbrowser/war/models/Virtual_Worm/Virtual_Worm_February_2012.js
ilsovl	ilsovl	socketcell	nervous	1	960	https://github.com/openworm/wormbrowser/blob/937839d19f505d0dff9aebb1e3bc69f7855942a8/org.openworm.wormbrowser/war/models/Virtual_Worm/Virtual_Worm_February_2012.js
olqsovl	olqsovl	socketcell	nervous	1	1088	https://github.com/openworm/wormbrowser/blob/937839d19f505d0dff9aebb1e3bc69f7855942a8/org.openworm.wormbrowser/war/models/Virtual_Worm/Virtual_Worm_February_2012.js
ilsol	ilsol	socketcell	nervous	1	1216	https://github.com/openworm/wormbrowser/blob/937839d19f505d0dff9aebb1e3bc69f7855942a8/org.openworm.wormbrowser/war/models/Virtual_Worm/Virtual_Worm_February_2012.js
ilsodl	ilsodl	socketcell	nervous	1	1088	https://github.com/openworm/wormbrowser/blob/937839d19f505d0dff9aebb1e3bc69f7855942a8/org.openworm.wormbrowser/war/models/Virtual_Worm/Virtual_Worm_February_2012.js
olqsodl	olqsodl	socketcell	nervous	1	1088	https://github.com/openworm/wormbrowser/blob/937839d19f505d0dff9aebb1e3bc69f7855942a8/org.openworm.wormbrowser/war/models/Virtual_Worm/Virtual_Worm_February_2012.js
xxxl	xxxl	socketcell	other	1	1216	https://github.com/openworm/wormbrowser/blob/937839d19f505d0dff9aebb1e3bc69f7855942a8/org.openworm.wormbrowser/war/models/Virtual_Worm/Virtual_Worm_February_2012.js
ollsol	ollsol	socketcell	nervous	1	1728	https://github.com/openworm/wormbrowser/blob/937839d19f505d0dff9aebb1e3bc69f7855942a8/org.openworm.wormbrowser/war/models/Virtual_Worm/Virtual_Worm_February_2012.js
cepsodl	cepsodl	socketcell	nervous	1	1728	https://github.com/openworm/wormbrowser/blob/937839d19f505d0dff9aebb1e3bc69f7855942a8/org.openworm.wormbrowser/war/models/Virtual_Worm/Virtual_Worm_February_2012.js
cepsovl	cepsovl	socketcell	nervous	1	1472	https://github.com/openworm/wormbrowser/blob/937839d19f505d0dff9aebb1e3bc69f7855942a8/org.openworm.wormbrowser/war/models/Virtual_Worm/Virtual_Worm_February_2012.js
sp_ut_valve_post	sp ut valve post	spermath_uterin_valve	reproductive	1	1152	https://github.com/openworm/wormbrowser/blob/937839d19f505d0dff9aebb1e3bc69f7855942a8/org.openworm.wormbrowser/war/models/Virtual_Worm/Virtual_Worm_February_2012.js
sp_ut_valve_ant	sp ut valve ant	spermath_uterin_valve	reproductive	1	1152	https://github.com/openworm/wormbrowser/blob/937839d19f505d0dff9aebb1e3bc69f7855942a8/org.openworm.wormbrowser/war/models/Virtual_Worm/Virtual_Worm_February_2012.js
sp_bag_p_4r	sp bag p 4r	spermatheca	reproductive	1	1216	https://github.com/openworm/wormbrowser/blob/937839d19f505d0dff9aebb1e3bc69f7855942a8/org.openworm.wormbrowser/war/models/Virtual_Worm/Virtual_Worm_February_2012.js
sp_neck_p_1l	sp neck p 1l	spermatheca	reproductive	1	2304	https://github.com/openworm/wormbrowser/blob/937839d19f505d0dff9aebb1e3bc69f7855942a8/org.openworm.wormbrowser/war/models/Virtual_Worm/Virtual_Worm_February_2012.js
sp_neck_p_1r	sp neck p 1r	spermatheca	reproductive	1	2304	https://github.com/openworm/wormbrowser/blob/937839d19f505d0dff9aebb1e3bc69f7855942a8/org.openworm.wormbrowser/war/models/Virtual_Worm/Virtual_Worm_February_2012.js
sp_neck_p_2l	sp neck p 2l	spermatheca	reproductive	1	2368	https://github.com/openworm/wormbrowser/blob/937839d19f505d0dff9aebb1e3bc69f7855942a8/org.openworm.wormbrowser/war/models/Virtual_Worm/Virtual_Worm_February_2012.js
sp_neck_p_3r	sp neck p 3r	spermatheca	reproductive	1	2432	https://github.com/openworm/wormbrowser/blob/937839d19f505d0dff9aebb1e3bc69f7855942a8/org.openworm.wormbrowser/war/models/Virtual_Worm/Virtual_Worm_February_2012.js
sp_neck_p_4l	sp neck p 4l	spermatheca	reproductive	1	2432	https://github.com/openworm/wormbrowser/blob/937839d19f505d0dff9aebb1e3bc69f7855942a8/org.openworm.wormbrowser/war/models/Virtual_Worm/Virtual_Worm_February_2012.js
sp_neck_p_3l	sp neck p 3l	spermatheca	reproductive	1	2432	https://github.com/openworm/wormbrowser/blob/937839d19f505d0dff9aebb1e3bc69f7855942a8/org.openworm.wormbrowser/war/models/Virtual_Worm/Virtual_Worm_February_2012.js
sp_neck_p_2r	sp neck p 2r	spermatheca	reproductive	1	2368	https://github.com/openworm/wormbrowser/blob/937839d19f505d0dff9aebb1e3bc69f7855942a8/org.openworm.wormbrowser/war/models/Virtual_Worm/Virtual_Worm_February_2012.js
sp_neck_p_4r	sp neck p 4r	spermatheca	reproductive	1	2432	https://github.com/openworm/wormbrowser/blob/937839d19f505d0dff9aebb1e3bc69f7855942a8/org.openworm.wormbrowser/war/models/Virtual_Worm/Virtual_Worm_February_2012.js
sp_bag_p_1v	sp bag p 1v	spermatheca	reproductive	1	6144	https://github.com/openworm/wormbrowser/blob/937839d19f505d0dff9aebb1e3bc69f7855942a8/org.openworm.wormbrowser/war/models/Virtual_Worm/Virtual_Worm_February_2012.js
sp_bag_p_2r	sp bag p 2r	spermatheca	reproductive	1	1216	https://github.com/openworm/wormbrowser/blob/937839d19f505d0dff9aebb1e3bc69f7855942a8/org.openworm.wormbrowser/war/models/Virtual_Worm/Virtual_Worm_February_2012.js
sp_bag_p_3v	sp bag p 3v	spermatheca	reproductive	1	1216	https://github.com/openworm/wormbrowser/blob/937839d19f505d0dff9aebb1e3bc69f7855942a8/org.openworm.wormbrowser/war/models/Virtual_Worm/Virtual_Worm_February_2012.js
sp_bag_p_1d	sp bag p 1d	spermatheca	reproductive	1	6144	https://github.com/openworm/wormbrowser/blob/937839d19f505d0dff9aebb1e3bc69f7855942a8/org.openworm.wormbrowser/war/models/Virtual_Worm/Virtual_Worm_February_2012.js
sp_bag_p_1r	sp bag p 1r	spermatheca	reproductive	1	6144	https://github.com/openworm/wormbrowser/blob/937839d19f505d0dff9aebb1e3bc69f7855942a8/org.openworm.wormbrowser/war/models/Virtual_Worm/Virtual_Worm_February_2012.js
sp_bag_p_1l	sp bag p 1l	spermatheca	reproductive	1	6144	https://github.com/openworm/wormbrowser/blob/937839d19f505d0dff9aebb1e3bc69f7855942a8/org.openworm.wormbrowser/war/models/Virtual_Worm/Virtual_Worm_February_2012.js
sp_bag_p_2d	sp bag p 2d	spermatheca	reproductive	1	1216	https://github.com/openworm/wormbrowser/blob/937839d19f505d0dff9aebb1e3bc69f7855942a8/org.openworm.wormbrowser/war/models/Virtual_Worm/Virtual_Worm_February_2012.js
sp_bag_p_2l	sp bag p 2l	spermatheca	reproductive	1	1216	https://github.com/openworm/wormbrowser/blob/937839d19f505d0dff9aebb1e3bc69f7855942a8/org.openworm.wormbrowser/war/models/Virtual_Worm/Virtual_Worm_February_2012.js
sp_bag_p_2v	sp bag p 2v	spermatheca	reproductive	1	1216	https://github.com/openworm/wormbrowser/blob/937839d19f505d0dff9aebb1e3bc69f7855942a8/org.openworm.wormbrowser/war/models/Virtual_Worm/Virtual_Worm_February_2012.js
sp_bag_p_3d	sp bag p 3d	spermatheca	reproductive	1	1216	https://github.com/openworm/wormbrowser/blob/937839d19f505d0dff9aebb1e3bc69f7855942a8/org.openworm.wormbrowser/war/models/Virtual_Worm/Virtual_Worm_February_2012.js
sp_bag_p_3l	sp bag p 3l	spermatheca	reproductive	1	1216	https://github.com/openworm/wormbrowser/blob/937839d19f505d0dff9aebb1e3bc69f7855942a8/org.openworm.wormbrowser/war/models/Virtual_Worm/Virtual_Worm_February_2012.js
sp_bag_p_3r	sp bag p 3r	spermatheca	reproductive	1	1216	https://github.com/openworm/wormbrowser/blob/937839d19f505d0dff9aebb1e3bc69f7855942a8/org.openworm.wormbrowser/war/models/Virtual_Worm/Virtual_Worm_February_2012.js
sp_bag_p_4d	sp bag p 4d	spermatheca	reproductive	1	1216	https://github.com/openworm/wormbrowser/blob/937839d19f505d0dff9aebb1e3bc69f7855942a8/org.openworm.wormbrowser/war/models/Virtual_Worm/Virtual_Worm_February_2012.js
sp_bag_p_4l	sp bag p 4l	spermatheca	reproductive	1	1216	https://github.com/openworm/wormbrowser/blob/937839d19f505d0dff9aebb1e3bc69f7855942a8/org.openworm.wormbrowser/war/models/Virtual_Worm/Virtual_Worm_February_2012.js
sp_bag_p_4v	sp bag p 4v	spermatheca	reproductive	1	1216	https://github.com/openworm/wormbrowser/blob/937839d19f505d0dff9aebb1e3bc69f7855942a8/org.openworm.wormbrowser/war/models/Virtual_Worm/Virtual_Worm_February_2012.js
sp_bag_a_4v	sp bag a 4v	spermatheca	reproductive	1	1216	https://github.com/openworm/wormbrowser/blob/937839d19f505d0dff9aebb1e3bc69f7855942a8/org.openworm.wormbrowser/war/models/Virtual_Worm/Virtual_Worm_February_2012.js
sp_bag_a_4r	sp bag a 4r	spermatheca	reproductive	1	1216	https://github.com/openworm/wormbrowser/blob/937839d19f505d0dff9aebb1e3bc69f7855942a8/org.openworm.wormbrowser/war/models/Virtual_Worm/Virtual_Worm_February_2012.js
sp_bag_a_4d	sp bag a 4d	spermatheca	reproductive	1	1216	https://github.com/openworm/wormbrowser/blob/937839d19f505d0dff9aebb1e3bc69f7855942a8/org.openworm.wormbrowser/war/models/Virtual_Worm/Virtual_Worm_February_2012.js
sp_bag_a_3l	sp bag a 3l	spermatheca	reproductive	1	1216	https://github.com/openworm/wormbrowser/blob/937839d19f505d0dff9aebb1e3bc69f7855942a8/org.openworm.wormbrowser/war/models/Virtual_Worm/Virtual_Worm_February_2012.js
sp_bag_a_3r	sp bag a 3r	spermatheca	reproductive	1	1216	https://github.com/openworm/wormbrowser/blob/937839d19f505d0dff9aebb1e3bc69f7855942a8/org.openworm.wormbrowser/war/models/Virtual_Worm/Virtual_Worm_February_2012.js
sp_bag_a_3d	sp bag a 3d	spermatheca	reproductive	1	1216	https://github.com/openworm/wormbrowser/blob/937839d19f505d0dff9aebb1e3bc69f7855942a8/org.openworm.wormbrowser/war/models/Virtual_Worm/Virtual_Worm_February_2012.js
sp_bag_a_2v	sp bag a 2v	spermatheca	reproductive	1	1216	https://github.com/openworm/wormbrowser/blob/937839d19f505d0dff9aebb1e3bc69f7855942a8/org.openworm.wormbrowser/war/models/Virtual_Worm/Virtual_Worm_February_2012.js
sp_bag_a_2r	sp bag a 2r	spermatheca	reproductive	1	1216	https://github.com/openworm/wormbrowser/blob/937839d19f505d0dff9aebb1e3bc69f7855942a8/org.openworm.wormbrowser/war/models/Virtual_Worm/Virtual_Worm_February_2012.js
sp_bag_a_2d	sp bag a 2d	spermatheca	reproductive	1	1216	https://github.com/openworm/wormbrowser/blob/937839d19f505d0dff9aebb1e3bc69f7855942a8/org.openworm.wormbrowser/war/models/Virtual_Worm/Virtual_Worm_February_2012.js
sp_bag_a_1r	sp bag a 1r	spermatheca	reproductive	1	6144	https://github.com/openworm/wormbrowser/blob/937839d19f505d0dff9aebb1e3bc69f7855942a8/org.openworm.wormbrowser/war/models/Virtual_Worm/Virtual_Worm_February_2012.js
sp_bag_a_1l	sp bag a 1l	spermatheca	reproductive	1	6144	https://github.com/openworm/wormbrowser/blob/937839d19f505d0dff9aebb1e3bc69f7855942a8/org.openworm.wormbrowser/war/models/Virtual_Worm/Virtual_Worm_February_2012.js
sp_bag_a_1d	sp bag a 1d	spermatheca	reproductive	1	6144	https://github.com/openworm/wormbrowser/blob/937839d19f505d0dff9aebb1e3bc69f7855942a8/org.openworm.wormbrowser/war/models/Virtual_Worm/Virtual_Worm_February_2012.js
sp_bag_a_3v	sp bag a 3v	spermatheca	reproductive	1	1216	https://github.com/openworm/wormbrowser/blob/937839d19f505d0dff9aebb1e3bc69f7855942a8/org.openworm.wormbrowser/war/models/Virtual_Worm/Virtual_Worm_February_2012.js
sp_bag_a_2l	sp bag a 2l	spermatheca	reproductive	1	1216	https://github.com/openworm/wormbrowser/blob/937839d19f505d0dff9aebb1e3bc69f7855942a8/org.openworm.wormbrowser/war/models/Virtual_Worm/Virtual_Worm_February_2012.js
sp_bag_a_1v	sp bag a 1v	spermatheca	reproductive	1	6144	https://github.com/openworm/wormbrowser/blob/937839d19f505d0dff9aebb1e3bc69f7855942a8/org.openworm.wormbrowser/war/models/Virtual_Worm/Virtual_Worm_February_2012.js
sp_neck_a_4l	sp neck a 4l	spermatheca	reproductive	1	2432	https://github.com/openworm/wormbrowser/blob/937839d19f505d0dff9aebb1e3bc69f7855942a8/org.openworm.wormbrowser/war/models/Virtual_Worm/Virtual_Worm_February_2012.js
sp_neck_a_2l	sp neck a 2l	spermatheca	reproductive	1	2368	https://github.com/openworm/wormbrowser/blob/937839d19f505d0dff9aebb1e3bc69f7855942a8/org.openworm.wormbrowser/war/models/Virtual_Worm/Virtual_Worm_February_2012.js
sp_neck_a_3r	sp neck a 3r	spermatheca	reproductive	1	2432	https://github.com/openworm/wormbrowser/blob/937839d19f505d0dff9aebb1e3bc69f7855942a8/org.openworm.wormbrowser/war/models/Virtual_Worm/Virtual_Worm_February_2012.js
sp_neck_a_4r	sp neck a 4r	spermatheca	reproductive	1	2432	https://github.com/openworm/wormbrowser/blob/937839d19f505d0dff9aebb1e3bc69f7855942a8/org.openworm.wormbrowser/war/models/Virtual_Worm/Virtual_Worm_February_2012.js
sp_neck_a_3l	sp neck a 3l	spermatheca	reproductive	1	2432	https://github.com/openworm/wormbrowser/blob/937839d19f505d0dff9aebb1e3bc69f7855942a8/org.openworm.wormbrowser/war/models/Virtual_Worm/Virtual_Worm_February_2012.js
sp_neck_a_2r	sp neck a 2r	spermatheca	reproductive	2	2368	https://github.com/openworm/wormbrowser/blob/937839d19f505d0dff9aebb1e3bc69f7855942a8/org.openworm.wormbrowser/war/models/Virtual_Worm/Virtual_Worm_February_2012.js
sp_neck_a_1l	sp neck a 1l	spermatheca	reproductive	1	2304	https://github.com/openworm/wormbrowser/blob/937839d19f505d0dff9aebb1e3bc69f7855942a8/org.openworm.wormbrowser/war/models/Virtual_Worm/Virtual_Worm_February_2012.js
sp_neck_a_1r	sp neck a 1r	spermatheca	reproductive	1	2304	https://github.com/openworm/wormbrowser/blob/937839d19f505d0dff9aebb1e3bc69f7855942a8/org.openworm.wormbrowser/war/models/Virtual_Worm/Virtual_Worm_February_2012.js
sp_bag_a_4l	sp bag a 4l	spermatheca	reproductive	1	1216	https://github.com/openworm/wormbrowser/blob/937839d19f505d0dff9aebb1e3bc69f7855942a8/org.openworm.wormbrowser/war/models/Virtual_Worm/Virtual_Worm_February_2012.js
sph_mu	sph mu	sphnc_&_anal_dep_musc	muscular;digestive	1	4448	https://github.com/openworm/wormbrowser/blob/937839d19f505d0dff9aebb1e3bc69f7855942a8/org.openworm.wormbrowser/war/models/Virtual_Worm/Virtual_Worm_February_2012.js
mu_anal	mu anal	sphnc_&_anal_dep_musc	muscular;digestive	1	2368	https://github.com/openworm/wormbrowser/blob/937839d19f505d0dff9aebb1e3bc69f7855942a8/org.openworm.wormbrowser/war/models/Virtual_Worm/Virtual_Worm_February_2012.js
mu_int_r	mu int r	stomatoint_muscle	muscular;digestive	1	6832	https://github.com/openworm/wormbrowser/blob/937839d19f505d0dff9aebb1e3bc69f7855942a8/org.openworm.wormbrowser/war/models/Virtual_Worm/Virtual_Worm_February_2012.js
mu_int_l	mu int l	stomatoint_muscle	muscular;digestive	1	6736	https://github.com/openworm/wormbrowser/blob/937839d19f505d0dff9aebb1e3bc69f7855942a8/org.openworm.wormbrowser/war/models/Virtual_Worm/Virtual_Worm_February_2012.js
dvc	DVC	temp_drg_color	nervous	1	8160	https://github.com/openworm/wormbrowser/blob/937839d19f505d0dff9aebb1e3bc69f7855942a8/org.openworm.wormbrowser/war/models/Virtual_Worm/Virtual_Worm_February_2012.js
dva	DVA	temp_drg_color	nervous	1	8160	https://github.com/openworm/wormbrowser/blob/937839d19f505d0dff9aebb1e3bc69f7855942a8/org.openworm.wormbrowser/war/models/Virtual_Worm/Virtual_Worm_February_2012.js
um1l_post	um1l post	uterine_muscle	muscular;reproductive	1	1344	https://github.com/openworm/wormbrowser/blob/937839d19f505d0dff9aebb1e3bc69f7855942a8/org.openworm.wormbrowser/war/models/Virtual_Worm/Virtual_Worm_February_2012.js
um1l_ant	um1l ant	uterine_muscle	muscular;reproductive	1	1216	https://github.com/openworm/wormbrowser/blob/937839d19f505d0dff9aebb1e3bc69f7855942a8/org.openworm.wormbrowser/war/models/Virtual_Worm/Virtual_Worm_February_2012.js
um1r_post	um1r post	uterine_muscle	muscular;reproductive	1	1216	https://github.com/openworm/wormbrowser/blob/937839d19f505d0dff9aebb1e3bc69f7855942a8/org.openworm.wormbrowser/war/models/Virtual_Worm/Virtual_Worm_February_2012.js
um2l_post	um2l post	uterine_muscle	muscular;reproductive	1	3776	https://github.com/openworm/wormbrowser/blob/937839d19f505d0dff9aebb1e3bc69f7855942a8/org.openworm.wormbrowser/war/models/Virtual_Worm/Virtual_Worm_February_2012.js
um2l_ant	um2l ant	uterine_muscle	muscular;reproductive	1	3776	https://github.com/openworm/wormbrowser/blob/937839d19f505d0dff9aebb1e3bc69f7855942a8/org.openworm.wormbrowser/war/models/Virtual_Worm/Virtual_Worm_February_2012.js
um2r_ant	um2r ant	uterine_muscle	muscular;reproductive	1	3776	https://github.com/openworm/wormbrowser/blob/937839d19f505d0dff9aebb1e3bc69f7855942a8/org.openworm.wormbrowser/war/models/Virtual_Worm/Virtual_Worm_February_2012.js
um1r_ant	um1r ant	uterine_muscle	muscular;reproductive	1	1216	https://github.com/openworm/wormbrowser/blob/937839d19f505d0dff9aebb1e3bc69f7855942a8/org.openworm.wormbrowser/war/models/Virtual_Worm/Virtual_Worm_February_2012.js
um2r_post	um2r post	uterine_muscle	muscular;reproductive	1	3776	https://github.com/openworm/wormbrowser/blob/937839d19f505d0dff9aebb1e3bc69f7855942a8/org.openworm.wormbrowser/war/models/Virtual_Worm/Virtual_Worm_February_2012.js
ut2_ant	ut2 ant	uterus	reproductive	1	2048	https://github.com/openworm/wormbrowser/blob/937839d19f505d0dff9aebb1e3bc69f7855942a8/org.openworm.wormbrowser/war/models/Virtual_Worm/Virtual_Worm_February_2012.js
uv2_post	uv2 post	uterus	reproductive	1	2112	https://github.com/openworm/wormbrowser/blob/937839d19f505d0dff9aebb1e3bc69f7855942a8/org.openworm.wormbrowser/war/models/Virtual_Worm/Virtual_Worm_February_2012.js
uv1_post	uv1 post	uterus	reproductive	1	2112	https://github.com/openworm/wormbrowser/blob/937839d19f505d0dff9aebb1e3bc69f7855942a8/org.openworm.wormbrowser/war/models/Virtual_Worm/Virtual_Worm_February_2012.js
uv3_post	uv3 post	uterus	reproductive	1	896	https://github.com/openworm/wormbrowser/blob/937839d19f505d0dff9aebb1e3bc69f7855942a8/org.openworm.wormbrowser/war/models/Virtual_Worm/Virtual_Worm_February_2012.js
uv3_ant	uv3 ant	uterus	reproductive	1	896	https://github.com/openworm/wormbrowser/blob/937839d19f505d0dff9aebb1e3bc69f7855942a8/org.openworm.wormbrowser/war/models/Virtual_Worm/Virtual_Worm_February_2012.js
uv2_ant	uv2 ant	uterus	reproductive	1	2112	https://github.com/openworm/wormbrowser/blob/937839d19f505d0dff9aebb1e3bc69f7855942a8/org.openworm.wormbrowser/war/models/Virtual_Worm/Virtual_Worm_February_2012.js
uv1_ant	uv1 ant	uterus	reproductive	1	2112	https://github.com/openworm/wormbrowser/blob/937839d19f505d0dff9aebb1e3bc69f7855942a8/org.openworm.wormbrowser/war/models/Virtual_Worm/Virtual_Worm_February_2012.js
du	du	uterus	reproductive	1	2496	https://github.com/openworm/wormbrowser/blob/937839d19f505d0dff9aebb1e3bc69f7855942a8/org.openworm.wormbrowser/war/models/Virtual_Worm/Virtual_Worm_February_2012.js
ut3_post	ut3 post	uterus	reproductive	1	1536	https://github.com/openworm/wormbrowser/blob/937839d19f505d0dff9aebb1e3bc69f7855942a8/org.openworm.wormbrowser/war/models/Virtual_Worm/Virtual_Worm_February_2012.js
ut2_post	ut2 post	uterus	reproductive	1	2048	https://github.com/openworm/wormbrowser/blob/937839d19f505d0dff9aebb1e3bc69f7855942a8/org.openworm.wormbrowser/war/models/Virtual_Worm/Virtual_Worm_February_2012.js
ut1_post	ut1 post	uterus	reproductive	1	4416	https://github.com/openworm/wormbrowser/blob/937839d19f505d0dff9aebb1e3bc69f7855942a8/org.openworm.wormbrowser/war/models/Virtual_Worm/Virtual_Worm_February_2012.js
ut1_ant	ut1 ant	uterus	reproductive	1	4096	https://github.com/openworm/wormbrowser/blob/937839d19f505d0dff9aebb1e3bc69f7855942a8/org.openworm.wormbrowser/war/models/Virtual_Worm/Virtual_Worm_February_2012.js
ut3_ant	ut3 ant	uterus	reproductive	1	2016	https://github.com/openworm/wormbrowser/blob/937839d19f505d0dff9aebb1e3bc69f7855942a8/org.openworm.wormbrowser/war/models/Virtual_Worm/Virtual_Worm_February_2012.js
utse	utse	uterus	reproductive	1	8576	https://github.com/openworm/wormbrowser/blob/937839d19f505d0dff9aebb1e3bc69f7855942a8/org.openworm.wormbrowser/war/models/Virtual_Worm/Virtual_Worm_February_2012.js
ut4_post	ut4 post	uterus	reproductive	1	1536	https://github.com/openworm/wormbrowser/blob/937839d19f505d0dff9aebb1e3bc69f7855942a8/org.openworm.wormbrowser/war/models/Virtual_Worm/Virtual_Worm_February_2012.js
ut4_ant	ut4 ant	uterus	reproductive	1	1152	https://github.com/openworm/wormbrowser/blob/937839d19f505d0dff9aebb1e3bc69f7855942a8/org.openworm.wormbrowser/war/models/Virtual_Worm/Virtual_Worm_February_2012.js
pharyn-intest-valve	pharyn-intest-valve	vpi_&_vir	digestive	1	4096	https://github.com/openworm/wormbrowser/blob/937839d19f505d0dff9aebb1e3bc69f7855942a8/org.openworm.wormbrowser/war/models/Virtual_Worm/Virtual_Worm_February_2012.js
virr	virr	vpi_&_vir	digestive	1	832	https://github.com/openworm/wormbrowser/blob/937839d19f505d0dff9aebb1e3bc69f7855942a8/org.openworm.wormbrowser/war/models/Virtual_Worm/Virtual_Worm_February_2012.js
virl	virl	vpi_&_vir	digestive	1	832	https://github.com/openworm/wormbrowser/blob/937839d19f505d0dff9aebb1e3bc69f7855942a8/org.openworm.wormbrowser/war/models/Virtual_Worm/Virtual_Worm_February_2012.js
vpi3_v	vpi3 v	vpi_&_vir	digestive	1	1888	https://github.com/openworm/wormbrowser/blob/937839d19f505d0dff9aebb1e3bc69f7855942a8/org.openworm.wormbrowser/war/models/Virtual_Worm/Virtual_Worm_February_2012.js
vpi3_d	vpi3 d	vpi_&_vir	digestive	1	1888	https://github.com/openworm/wormbrowser/blob/937839d19f505d0dff9aebb1e3bc69f7855942a8/org.openworm.wormbrowser/war/models/Virtual_Worm/Virtual_Worm_February_2012.js
vpi2_dl	vpi2 dl	vpi_&_vir	digestive	1	1872	https://github.com/openworm/wormbrowser/blob/937839d19f505d0dff9aebb1e3bc69f7855942a8/org.openworm.wormbrowser/war/models/Virtual_Worm/Virtual_Worm_February_2012.js
vpi2_v	vpi2 v	vpi_&_vir	digestive	1	2272	https://github.com/openworm/wormbrowser/blob/937839d19f505d0dff9aebb1e3bc69f7855942a8/org.openworm.wormbrowser/war/models/Virtual_Worm/Virtual_Worm_February_2012.js
vpi2_dr	vpi2 dr	vpi_&_vir	digestive	1	1872	https://github.com/openworm/wormbrowser/blob/937839d19f505d0dff9aebb1e3bc69f7855942a8/org.openworm.wormbrowser/war/models/Virtual_Worm/Virtual_Worm_February_2012.js
vpi1	vpi1	vpi_&_vir	digestive	1	8192	https://github.com/openworm/wormbrowser/blob/937839d19f505d0dff9aebb1e3bc69f7855942a8/org.openworm.wormbrowser/war/models/Virtual_Worm/Virtual_Worm_February_2012.js
vula	vula	vulva_epithelium	reproductive	1	1280	https://github.com/openworm/wormbrowser/blob/937839d19f505d0dff9aebb1e3bc69f7855942a8/org.openworm.wormbrowser/war/models/Virtual_Worm/Virtual_Worm_February_2012.js
vulb1	vulb1	vulva_epithelium	reproductive	1	1280	https://github.com/openworm/wormbrowser/blob/937839d19f505d0dff9aebb1e3bc69f7855942a8/org.openworm.wormbrowser/war/models/Virtual_Worm/Virtual_Worm_February_2012.js
vulb2	vulb2	vulva_epithelium	reproductive	1	1280	https://github.com/openworm/wormbrowser/blob/937839d19f505d0dff9aebb1e3bc69f7855942a8/org.openworm.wormbrowser/war/models/Virtual_Worm/Virtual_Worm_February_2012.js
vulc	vulc	vulva_epithelium	reproductive	1	1280	https://github.com/openworm/wormbrowser/blob/937839d19f505d0dff9aebb1e3bc69f7855942a8/org.openworm.wormbrowser/war/models/Virtual_Worm/Virtual_Worm_February_2012.js
vuld	vuld	vulva_epithelium	reproductive	1	1280	https://github.com/openworm/wormbrowser/blob/937839d19f505d0dff9aebb1e3bc69f7855942a8/org.openworm.wormbrowser/war/models/Virtual_Worm/Virtual_Worm_February_2012.js
vule	vule	vulva_epithelium	reproductive	1	2560	https://github.com/openworm/wormbrowser/blob/937839d19f505d0dff9aebb1e3bc69f7855942a8/org.openworm.wormbrowser/war/models/Virtual_Worm/Virtual_Worm_February_2012.js
vulf	vulf	vulva_epithelium	reproductive	1	1280	https://github.com/openworm/wormbrowser/blob/937839d19f505d0dff9aebb1e3bc69f7855942a8/org.openworm.wormbrowser/war/models/Virtual_Worm/Virtual_Worm_February_2012.js
vm1l_ant	vm1l ant	vulval_muscle	muscular;reproductive	1	576	https://github.com/openworm/wormbrowser/blob/937839d19f505d0dff9aebb1e3bc69f7855942a8/org.openworm.wormbrowser/war/models/Virtual_Worm/Virtual_Worm_February_2012.js
vm2r_ant	vm2r ant	vulval_muscle	muscular;reproductive	1	576	https://github.com/openworm/wormbrowser/blob/937839d19f505d0dff9aebb1e3bc69f7855942a8/org.openworm.wormbrowser/war/models/Virtual_Worm/Virtual_Worm_February_2012.js
vm2l_post	vm2l post	vulval_muscle	muscular;reproductive	1	576	https://github.com/openworm/wormbrowser/blob/937839d19f505d0dff9aebb1e3bc69f7855942a8/org.openworm.wormbrowser/war/models/Virtual_Worm/Virtual_Worm_February_2012.js
vm1r_ant	vm1r ant	vulval_muscle	muscular;reproductive	1	704	https://github.com/openworm/wormbrowser/blob/937839d19f505d0dff9aebb1e3bc69f7855942a8/org.openworm.wormbrowser/war/models/Virtual_Worm/Virtual_Worm_February_2012.js
vm1r_post	vm1r post	vulval_muscle	muscular;reproductive	1	704	https://github.com/openworm/wormbrowser/blob/937839d19f505d0dff9aebb1e3bc69f7855942a8/org.openworm.wormbrowser/war/models/Virtual_Worm/Virtual_Worm_February_2012.js
vm1l_post	vm1l post	vulval_muscle	muscular;reproductive	1	704	https://github.com/openworm/wormbrowser/blob/937839d19f505d0dff9aebb1e3bc69f7855942a8/org.openworm.wormbrowser/war/models/Virtual_Worm/Virtual_Worm_February_2012.js
vm2r_post	vm2r post	vulval_muscle	muscular;reproductive	1	576	https://github.com/openworm/wormbrowser/blob/937839d19f505d0dff9aebb1e3bc69f7855942a8/org.openworm.wormbrowser/war/models/Virtual_Worm/Virtual_Worm_February_2012.js
vm2l_ant	vm2l ant	vulval_muscle	muscular;reproductive	1	576	https://github.com/openworm/wormbrowser/blob/937839d19f505d0dff9aebb1e3bc69f7855942a8/org.openworm.wormbrowser/war/models/Virtual_Worm/Virtual_Worm_February_2012.js
